sample	stromal	immune	estimate
TCGA-AR-A5QQ-01	2958.58422790343	5329.62810821501	8288.21233611844
TCGA-D8-A1JA-01	3286.00937354453	2002.49395744341	5288.50333098794
TCGA-BH-A0BQ-01	4019.56868282746	3195.95348736577	7215.52217019323
TCGA-BH-A0BT-01	2645.57006610711	2130.12061702612	4775.69068313324
TCGA-A8-A06X-01	2570.52090099126	2369.81263183088	4940.33353282214
TCGA-A8-A096-01	4498.99087379881	4518.38990066859	9017.3807744674
TCGA-BH-A0C7-01	2442.30862313879	2071.99936016713	4514.30798330592
TCGA-AC-A5XU-01	2815.84950928847	1396.25043719622	4212.09994648469
TCGA-PE-A5DE-01	3293.70975671843	5908.66685022573	9202.37660694416
TCGA-PE-A5DC-01	1843.04392857748	1382.08836640993	3225.13229498741
TCGA-AR-A0TV-01	1663.03842406422	3474.48386099468	5137.5222850589
TCGA-GM-A3XG-01	1637.82500769238	832.562549676457	2470.38755736884
TCGA-BH-A18J-01	3142.37041884485	1692.93562808323	4835.30604692809
TCGA-BH-A0W7-01	4105.45151399547	4327.37929526341	8432.83080925888
TCGA-E9-A3QA-01	2670.98155239832	5303.6445655552	7974.62611795351
TCGA-A7-A4SD-01	2987.44525563507	3827.75687498562	6815.20213062069
TCGA-BH-A0HA-01	4359.19065605781	3339.68617638605	7698.87683244386
TCGA-AR-A5QN-01	3222.82944140685	2595.18012570251	5818.00956710936
TCGA-A7-A0CH-11	4369.94637639886	3905.370327307	8275.31670370586
TCGA-A7-A0CE-01	1511.55805515927	1327.72344672955	2839.28150188882
TCGA-AR-A0U1-01	1979.5952139893	2544.44478813524	4524.04000212454
TCGA-EW-A1OZ-01	3112.83975043777	2624.43618813582	5737.27593857358
TCGA-A2-A0EY-01	2654.70106190116	2883.95726671819	5538.65832861935
TCGA-A8-A09R-01	3476.52032010662	3229.887368702	6706.40768880863
TCGA-LL-A440-01	5047.70795605388	4240.27809017454	9287.98604622842
TCGA-BH-A8FY-01	607.827673755963	1608.00101249589	2215.82868625185
TCGA-E2-A1II-01	2257.99074504598	5668.47987930643	7926.47062435241
TCGA-A7-A6VX-01	3033.30755615116	1713.20079814883	4746.50835429999
TCGA-C8-A273-01	3070.2940278235	1676.51146202994	4746.80548985345
TCGA-BH-A1EO-01	5139.80375945947	3386.7308693317	8526.53462879117
TCGA-OL-A5RX-01	2507.99264178623	2301.37157780573	4809.36421959196
TCGA-BH-A0B9-01	871.602128722386	4217.45462570627	5089.05675442865
TCGA-EW-A1P5-01	2324.9929282076	3139.56913700816	5464.56206521576
TCGA-AO-A03P-01	2184.6345706286	1292.94255704964	3477.57712767824
TCGA-AN-A0AS-01	3628.18875034603	2638.36712082194	6266.55587116797
TCGA-A2-A1G0-01	3852.5920070466	2841.78207395019	6694.37408099679
TCGA-B6-A0I8-01	2363.25290214891	620.64830874138	2983.90121089029
TCGA-A7-A4SA-01	3526.24425133857	4150.39061373786	7676.63486507643
TCGA-E9-A1RC-11	5020.17087995703	3189.30354327424	8209.47442323127
TCGA-A7-A0DB-11	5608.27945256352	4339.65751869398	9947.9369712575
TCGA-AR-A24S-01	4709.25280485114	4243.08407154718	8952.33687639833
TCGA-BH-A0H9-11	4280.22237829513	2478.80961492716	6759.03199322229
TCGA-LD-A74U-01	4119.67689134191	3175.46115815793	7295.13804949984
TCGA-D8-A1XA-01	2504.38544961973	1922.03760167701	4426.42305129674
TCGA-D8-A1XR-01	2239.89532545165	1211.88234338098	3451.77766883264
TCGA-A8-A07Z-01	1567.87324591479	2479.89188621107	4047.76513212587
TCGA-E2-A1IJ-01	4708.58827660553	3896.34846522519	8604.93674183072
TCGA-GM-A2DH-01	2049.57941083448	4033.17852474907	6082.75793558355
TCGA-BH-A0AY-01	4477.85526967604	3369.6337485618	7847.48901823784
TCGA-BH-A42V-01	3464.07353823133	2850.47986065568	6314.55339888701
TCGA-B6-A0IH-01	3757.90782551594	3051.36333300484	6809.27115852078
TCGA-A1-A0SH-01	4598.38658122678	2153.69660489285	6752.08318611963
TCGA-AR-A1AQ-01	2967.92986672637	4792.63848271902	7760.56834944539
TCGA-A7-A0DC-01	-1100.02997751035	-999.750982543987	-2099.78096005433
TCGA-A8-A07P-01	3027.46504925699	2250.67213747766	5278.13718673465
TCGA-A1-A0SN-01	3615.27279032054	3402.81569375483	7018.08848407537
TCGA-BH-A18T-01	1531.87236049753	1941.28108749066	3473.15344798818
TCGA-BH-A0E0-11	2047.26651999127	1265.85735822284	3313.12387821411
TCGA-E9-A22B-01	3735.80053023018	2249.75478461932	5985.55531484951
TCGA-BH-A0HA-11	1385.6690362043	1533.26960880329	2918.93864500759
TCGA-BH-A18P-11	3260.21559202469	1150.90720430742	4411.12279633211
TCGA-E9-A1N4-11	2036.58593159726	2028.12774953949	4064.71368113675
TCGA-S3-AA10-01	2622.53809508072	5392.55340585331	8015.09150093403
TCGA-AO-A0J9-01	4588.79773064253	4385.79164152011	8974.58937216263
TCGA-A1-A0SE-01	3117.83530748086	1323.50360986868	4441.33891734954
TCGA-OL-A5RV-01	2103.82257159975	1234.26945914169	3338.09203074145
TCGA-BH-A18U-11	3532.77613216039	2202.91086126622	5735.68699342661
TCGA-A2-A04U-01	1566.67643073151	805.934181148047	2372.61061187956
TCGA-A2-A3XV-01	2135.38157638833	2004.02716944041	4139.40874582874
TCGA-A7-A3IZ-01	1352.68480425246	1157.38775435755	2510.07255861001
TCGA-E2-A1LS-11	3855.18363491646	1563.72456650458	5418.90820142104
TCGA-AC-A2FM-11	2807.12829574544	2580.686106742	5387.81440248744
TCGA-D8-A1Y2-01	5054.41451333337	5339.76616333401	10394.1806766674
TCGA-E9-A229-01	4566.78505388891	3057.60431693472	7624.38937082363
TCGA-A7-A4SB-01	2152.33597835821	733.758512200767	2886.09449055897
TCGA-BH-A0HK-01	3444.95736179275	2374.03614694374	5818.99350873649
TCGA-3C-AAAU-01	896.838355859707	538.403272936685	1435.24162879639
TCGA-BH-A18M-11	4549.84733295684	2675.74053824314	7225.58787119997
TCGA-E2-A14Z-01	3446.807381336	4467.35475003365	7914.16213136964
TCGA-A2-A3XW-01	3021.56956664837	3639.86376084473	6661.4333274931
TCGA-D8-A1Y1-01	3882.5041364098	2558.63470981181	6441.13884622161
TCGA-AC-A7VB-01	268.863222252148	-250.844826634595	18.0183956175529
TCGA-B6-A0RO-01	1203.38574122916	1002.2935661375	2205.67930736666
TCGA-A2-A04P-01	2647.44803747565	3369.50214763818	6016.95018511383
TCGA-A7-A13E-01	1631.8544384739	661.811032310421	2293.66547078432
TCGA-A7-A0D9-01	2215.49830896384	621.157189749244	2836.65549871309
TCGA-E2-A14R-01	1319.27652031879	3690.11078223967	5009.38730255847
TCGA-GM-A3XN-01	4174.21601013601	3169.45134302341	7343.66735315942
TCGA-A8-A06Y-01	504.558579914069	403.754020491719	908.312600405788
TCGA-E2-A1IK-01	1740.03617349577	3303.96829901824	5044.00447251401
TCGA-E2-A1IU-01	1747.53388987101	2018.40552716888	3765.9394170399
TCGA-BH-A0E2-01	3258.23896376571	1958.53694877124	5216.77591253696
TCGA-BH-A0B3-11	3507.27999143678	2970.22102930825	6477.50102074503
TCGA-A2-A0CZ-01	4650.00863912199	3416.92036911684	8066.92900823882
TCGA-AR-A2LE-01	2350.48414518597	1776.92702840196	4127.41117358793
TCGA-A8-A0A1-01	4136.11264733829	4376.97081194809	8513.08345928637
TCGA-E2-A1L7-01	2752.72704477693	3737.2619144228	6489.98895919974
TCGA-E2-A14T-01	1970.80884695187	1937.6084650207	3908.41731197257
TCGA-AC-A5EH-01	3736.60244400409	2938.59340667063	6675.19585067472
TCGA-GM-A2DM-01	1422.44233825711	2599.29516044242	4021.73749869953
TCGA-A2-A0D4-01	1392.61719548782	495.209779330397	1887.82697481822
TCGA-BH-A0B1-01	3174.13438125847	1719.21897475517	4893.35335601365
TCGA-AO-A12F-01	2941.00840923649	1148.36036220103	4089.36877143752
TCGA-AC-A3HN-01	4593.07294262546	3590.21405486858	8183.28699749404
TCGA-C8-A1HN-01	2016.31296145843	1767.66867386798	3783.98163532642
TCGA-A2-A25C-01	3317.92133417362	2175.50459674472	5493.42593091834
TCGA-E9-A6HE-01	3222.15057932056	2803.60393057188	6025.75450989244
TCGA-EW-A6SB-01	1071.8599489744	5405.38887836103	6477.24882733543
TCGA-E9-A1N4-01	3872.04779455332	3940.36693273986	7812.41472729319
TCGA-B6-A0RH-01	3085.42451053831	1774.68624973789	4860.11076027621
TCGA-A8-A09N-01	2583.77938112958	1836.03276930235	4419.81215043193
TCGA-AO-A0JE-01	4656.1288403897	4429.28485317665	9085.41369356635
TCGA-E2-A106-01	1075.70799288274	394.099414314025	1469.80740719676
TCGA-E2-A14S-01	2181.91858587842	2856.23173220139	5038.15031807981
TCGA-AC-A3TM-01	2226.26718765586	2609.57057175791	4835.83775941377
TCGA-AQ-A1H3-01	3571.64334810387	2621.31352887568	6192.95687697955
TCGA-E2-A15R-01	1165.43039645469	-150.72728795238	1014.70310850231
TCGA-A8-A06R-01	3888.39197958316	3104.97652689033	6993.36850647349
TCGA-E9-A295-01	2961.74227297852	1717.97694787157	4679.71922085008
TCGA-AC-A62X-01	422.303214289344	795.526509007309	1217.82972329665
TCGA-BH-A18N-01	2050.52941608544	1258.72852085406	3309.2579369395
TCGA-BH-A1FL-01	2252.88274878638	1181.15017086901	3434.03291965539
TCGA-D8-A1XD-01	2782.64072484012	110.262871946048	2892.90359678617
TCGA-AC-A2FB-01	3844.88773119431	5561.7822179905	9406.66994918482
TCGA-BH-A0DQ-01	4455.97793212709	2302.67018758852	6758.64811971561
TCGA-AC-A3W5-01	4576.8489258231	4512.9897222245	9089.8386480476
TCGA-D8-A1JP-01	4117.21445444295	2810.25574161448	6927.47019605743
TCGA-BH-A0HW-01	-137.962697384321	-455.155523027446	-593.118220411767
TCGA-BH-A0BW-01	2676.59503575748	4555.80725261472	7232.40228837219
TCGA-LL-A6FP-01	-251.678969810798	384.900696569032	133.221726758234
TCGA-A8-A0A4-01	3103.56179665635	1090.28725030829	4193.84904696463
TCGA-AC-A6IW-01	1870.26883468859	5487.59978825698	7357.86862294557
TCGA-BH-A0C0-11	2397.98249954058	1359.09348437743	3757.07598391801
TCGA-XX-A899-01	4329.07979791162	4632.70596583569	8961.78576374731
TCGA-A2-A25A-01	4586.79327369985	3292.9460886609	7879.73936236075
TCGA-E9-A1R5-01	3014.3300766055	1180.27341076367	4194.60348736917
TCGA-5T-A9QA-01	-827.642633647863	673.963430950743	-153.67920269712
TCGA-GM-A3NW-01	1977.76242196408	1876.29888430331	3854.06130626738
TCGA-D8-A1JS-01	28.806479646144	829.172666654576	857.97914630072
TCGA-AR-A1AJ-01	4431.56073274481	5976.74124916492	10408.3019819097
TCGA-AN-A0AK-01	1297.31509930587	1827.54578019194	3124.86087949781
TCGA-BH-A0H7-11	2509.1896866244	1465.65857474751	3974.8482613719
TCGA-D8-A73W-01	3797.29094276295	3226.82432006491	7024.11526282786
TCGA-BH-A0BM-11	1599.3584084455	1564.84020365943	3164.19861210494
TCGA-BH-A0BZ-01	4312.91924554567	4500.35002064638	8813.26926619205
TCGA-A2-A0EU-01	2359.649210251	1326.14922595644	3685.79843620743
TCGA-B6-A401-01	2820.08533598491	2988.89551399122	5808.98084997613
TCGA-AC-A7VC-01	3411.62981497289	2508.48461637349	5920.11443134638
TCGA-AR-A24P-01	3672.20733656581	2057.31609335221	5729.52342991802
TCGA-S3-AA0Z-01	1817.61527765326	3275.25140717114	5092.8666848244
TCGA-LL-A50Y-01	1915.82911359129	2877.15227125309	4792.98138484438
TCGA-OL-A5D8-01	1970.42530893922	2124.27624791151	4094.70155685072
TCGA-A8-A08S-01	2136.38178479116	1763.66754970437	3900.04933449552
TCGA-A8-A09K-01	864.179232380094	2586.31210234579	3450.49133472588
TCGA-BH-A0DI-01	4789.11951829844	3322.13051572172	8111.25003402017
TCGA-A2-A0T6-01	5011.93597303578	3824.8865420617	8836.82251509748
TCGA-A2-A25B-01	3229.73338243077	2564.88470628638	5794.61808871715
TCGA-E2-A1BC-11	3535.00851118151	1850.59433666466	5385.60284784617
TCGA-A2-A0SV-01	3465.69026667325	3512.4105409987	6978.10080767195
TCGA-BH-A18G-01	2186.53465264888	2135.72705347291	4322.26170612179
TCGA-BH-A0DG-11	2900.78047926213	2003.89480650643	4904.67528576857
TCGA-AN-A0XR-01	1536.46721748824	798.025508646995	2334.49272613524
TCGA-A8-A0AB-01	1691.98981448449	77.9088598643034	1769.89867434879
TCGA-AO-A1KO-01	2721.14788239147	1421.40182770061	4142.54971009208
TCGA-A2-A0CU-01	2519.57280526897	1179.06052355045	3698.63332881942
TCGA-BH-A0B7-11	2327.81401237496	1469.28669980899	3797.10071218395
TCGA-BH-A1ET-11	3966.32047904426	2191.64806778633	6157.96854683059
TCGA-A2-A1FZ-01	4079.47168590559	2900.00193434407	6979.47362024966
TCGA-BH-A0B8-11	4792.45983861033	2390.02652972384	7182.48636833417
TCGA-BH-A1FC-01	1882.52012036071	4005.62224918532	5888.14236954603
TCGA-E2-A14W-01	984.41668435722	117.96382102255	1102.38050537977
TCGA-LL-A441-01	2871.02240516417	5208.91286083417	8079.93526599834
TCGA-PL-A8LX-01	1310.61799416962	1926.21876792256	3236.83676209218
TCGA-XX-A89A-01	5151.19622593249	4343.14203984012	9494.33826577261
TCGA-BH-A8FZ-01	4105.74245666481	4392.92473880379	8498.66719546861
TCGA-E9-A5UO-01	-338.055851868493	-94.7785726248659	-432.834424493359
TCGA-E2-A15I-11	4023.62228590296	1670.52758325945	5694.14986916242
TCGA-E2-A573-01	2000.25974312307	4607.91230044795	6608.17204357101
TCGA-D8-A146-01	4022.53599938551	2504.31455816395	6526.85055754945
TCGA-AO-A124-01	639.343685510182	1751.44967018222	2390.7933556924
TCGA-BH-A18L-11	4394.6690085716	2286.30195006523	6680.97095863683
TCGA-AR-A24Z-01	1889.56397455177	1570.01560795128	3459.57958250305
TCGA-A8-A075-01	3127.6073467618	3173.87319603192	6301.48054279372
TCGA-A8-A08A-01	3023.56634398311	2784.81282144568	5808.3791654288
TCGA-AQ-A0Y5-01	3956.87210982048	2022.06199533522	5978.9341051557
TCGA-B6-A0I9-01	1491.16625984026	1967.78929672924	3458.9555565695
TCGA-BH-A0DZ-11	2258.44301527277	1866.59873455563	4125.04174982839
TCGA-E9-A1N5-11	3560.35462073218	1714.97666090927	5275.33128164144
TCGA-BH-A28O-01	3969.48193856694	2289.65251497786	6259.1344535448
TCGA-AR-A0TX-01	3769.34374025712	4397.90420631963	8167.24794657675
TCGA-D8-A3Z6-01	2851.27208543747	1468.41583619138	4319.68792162885
TCGA-A8-A093-01	3038.5674652521	782.559965875967	3821.12743112807
TCGA-A8-A07C-01	2285.33583529643	2852.63946865334	5137.97530394977
TCGA-A8-A099-01	2460.46053972243	1974.72708895344	4435.18762867588
TCGA-BH-A201-01	3598.02540627441	1448.95620760592	5046.98161388033
TCGA-AO-A0J3-01	242.834220536594	600.707851811225	843.542072347819
TCGA-AR-A24H-01	1770.71372444899	2508.75858254118	4279.47230699017
TCGA-BH-A0WA-01	2323.64322880578	2071.20250112852	4394.8457299343
TCGA-AC-A3W6-01	4686.53885324645	4170.05250253325	8856.5913557797
TCGA-AO-A0J2-01	1654.23392029894	3207.72276643867	4861.95668673761
TCGA-A8-A08P-01	3897.19646969891	4516.06306097314	8413.25953067205
TCGA-C8-A275-01	2916.83016893048	4533.50707206877	7450.33724099924
TCGA-BH-A18P-01	2656.11954993597	2048.03098900998	4704.15053894595
TCGA-B6-A0RQ-01	1842.57090423259	665.522611961017	2508.09351619361
TCGA-BH-A0BC-01	4096.61231462485	4079.56660256704	8176.1789171919
TCGA-A7-A26E-01	3610.03681279028	1794.83360869749	5404.87042148777
TCGA-E9-A1N6-11	3969.18155298587	3181.71503494417	7150.89658793004
TCGA-BH-A2L8-01	3701.3190850682	4873.88017937896	8575.19926444715
TCGA-BH-A18R-11	3507.79835110944	1711.79695196765	5219.59530307709
TCGA-BH-A0DK-01	4619.6242021934	4824.75928630721	9444.38348850062
TCGA-A2-A0T2-01	2272.40979041301	2228.27540891871	4500.68519933172
TCGA-BH-A1EO-11	5800.43244207283	4704.77657761834	10505.2090196912
TCGA-E2-A1IF-01	3481.5456297425	2119.48919728883	5601.03482703133
TCGA-AR-A2LL-01	2469.61072235849	2630.9820529295	5100.592775288
TCGA-E9-A1N8-01	799.941559392117	433.546089680467	1233.48764907258
TCGA-E9-A247-01	1413.47315320576	597.244002008925	2010.71715521469
TCGA-D8-A27E-01	1923.01706013226	1918.99451726236	3842.01157739462
TCGA-EW-A1P0-01	2324.58574346714	1937.42909592328	4262.01483939042
TCGA-C8-A1HF-01	3608.50461653301	3987.87439093897	7596.37900747198
TCGA-E9-A244-01	2055.10190571606	1436.43705147598	3491.53895719205
TCGA-AO-A0JD-01	954.586114501737	2262.79207921602	3217.37819371775
TCGA-A1-A0SO-01	-55.4545408832069	340.074738344287	284.62019746108
TCGA-A8-A09T-01	2822.07429525402	1886.47747263392	4708.55176788794
TCGA-D8-A73X-01	3053.47231476101	1759.7210930239	4813.19340778491
TCGA-AC-A8OS-01	4095.76041051571	3254.64059992415	7350.40101043985
TCGA-E2-A15C-01	3116.1612463895	1798.96030641674	4915.12155280624
TCGA-BH-A18I-01	4493.38843404765	3541.63426386984	8035.02269791749
TCGA-EW-A1PF-01	4012.48624416549	2658.02750800545	6670.51375217093
TCGA-E2-A108-01	5599.13058232181	6160.29092990531	11759.4215122271
TCGA-HN-A2OB-01	4249.96319935697	1923.59037230382	6173.55357166079
TCGA-B6-A0RU-01	2499.77066002748	1108.46392738225	3608.23458740973
TCGA-AO-A0JC-01	3457.8880327167	7795.94625076401	11253.8342834807
TCGA-B6-A0RM-01	1210.07961391243	757.006987983521	1967.08660189595
TCGA-AC-A23H-11	4431.75523798369	2429.95601088986	6861.71124887354
TCGA-A8-A08G-01	2806.18680033196	2291.9170352649	5098.10383559686
TCGA-E9-A3Q9-01	2743.11923319003	3206.43241975691	5949.55165294693
TCGA-C8-A1HL-01	3364.50850770427	2085.50378604992	5450.01229375419
TCGA-C8-A3M8-01	2316.10440126179	998.972327359922	3315.07672862171
TCGA-MS-A51U-01	3521.57143036846	2504.02572460469	6025.59715497315
TCGA-AR-A24W-01	3382.76737711514	1174.99314095768	4557.76051807282
TCGA-EW-A1P7-01	4248.41750652616	5965.45870021401	10213.8762067402
TCGA-A2-A04W-01	3072.53293755941	1930.9885732732	5003.52151083262
TCGA-AC-A8OR-01	157.796555574713	1752.13105642141	1909.92761199612
TCGA-E2-A105-01	1147.4578289455	626.217947546192	1773.6757764917
TCGA-D8-A13Y-01	325.382277235643	-486.457204885235	-161.074927649592
TCGA-V7-A7HQ-01	2161.86135904162	1776.07026402612	3937.93162306773
TCGA-AR-A2LO-01	3606.99521258836	3742.13942742675	7349.13464001511
TCGA-3C-AALI-01	2468.00746102866	3236.90839161322	5704.91585264188
TCGA-E2-A1LS-01	1382.7189693975	743.617498621222	2126.33646801872
TCGA-BH-A18N-11	4160.78521613761	2149.39088414809	6310.1761002857
TCGA-A7-A0CE-11	3754.82151772237	2958.4412353462	6713.26275306857
TCGA-BH-A1FG-01	1843.44515565013	1517.46020870259	3360.90536435272
TCGA-A8-A08H-01	5555.1277205392	5888.39726108205	11443.5249816213
TCGA-AR-A0TS-01	3384.96635941564	5127.23514607743	8512.20150549307
TCGA-A2-A3XU-01	-194.823576985652	129.652094404755	-65.1714825808971
TCGA-D8-A1XG-01	2031.53907816978	1188.79121959622	3220.33029776601
TCGA-BH-A0AY-11	4004.04820823197	2393.75500865263	6397.8032168846
TCGA-AR-A0TT-01	4322.33009350893	5779.99543345178	10102.3255269607
TCGA-D8-A1JJ-01	3588.66913535122	2292.82795523417	5881.49709058539
TCGA-D8-A145-01	3639.03976212177	2282.48961655591	5921.52937867767
TCGA-BH-A1ES-01	2600.61467691971	316.801067323097	2917.41574424281
TCGA-C8-A12M-01	1417.46569005401	1327.06087208047	2744.52656213449
TCGA-A2-A0CY-01	80.6938290388288	296.656240758861	377.350069797689
TCGA-A8-A08L-01	2324.28347291092	3221.07084353651	5545.35431644743
TCGA-OL-A5S0-01	3375.0495854908	3447.92149429835	6822.97107978915
TCGA-C8-A1HJ-01	1607.08705099808	1403.95142937783	3011.03848037592
TCGA-BH-A0BR-01	4507.71388592374	3332.26477162426	7839.978657548
TCGA-AO-A12E-01	3153.52037029471	2659.22325336545	5812.74362366016
TCGA-S3-AA15-01	4544.12088327282	5731.5502477726	10275.6711310454
TCGA-OL-A5D7-01	1199.70789367006	4378.11978595926	5577.82767962933
TCGA-OL-A5DA-01	2017.18937027208	1856.96046916802	3874.14983944009
TCGA-B6-A0RL-01	-2024.90264961578	-210.109436699298	-2235.01208631508
TCGA-OL-A66N-01	3163.85374370035	3074.65739783061	6238.51114153096
TCGA-E9-A1ND-11	5207.61660351724	5048.23146701507	10255.8480705323
TCGA-A2-A0CM-01	3336.69285784729	4312.59217824785	7649.28503609513
TCGA-S3-A6ZG-01	2218.04750968669	2250.90520041581	4468.9527101025
TCGA-E9-A1RB-01	2111.88453936954	1631.99680407693	3743.88134344647
TCGA-A2-A4RY-01	3589.04005401935	2652.21927602832	6241.25933004767
TCGA-E9-A1R6-01	2235.0674171781	1201.60554460348	3436.67296178158
TCGA-E9-A1R3-01	3665.96152581521	3121.7587757192	6787.72030153441
TCGA-D8-A1JK-01	3691.68007636306	4327.721844475	8019.40192083806
TCGA-A2-A0CR-01	3947.36702806789	6322.5130766307	10269.8801046986
TCGA-BH-AB28-01	2957.76507186921	3037.3205864493	5995.08565831852
TCGA-E2-A10C-01	2216.95216282792	3439.5677806633	5656.51994349122
TCGA-B6-A0WW-01	2633.43861039597	1271.58508775675	3905.02369815272
TCGA-BH-A6R8-01	1871.44933348636	2854.37201345277	4725.82134693913
TCGA-D8-A27L-01	4066.33341699252	2996.77343925688	7063.1068562494
TCGA-BH-A0EE-01	-23.3944879898469	2491.00208162793	2467.60759363808
TCGA-D8-A1JG-01	3610.86622615149	3717.74717904636	7328.61340519784
TCGA-C8-A133-01	-270.758302338676	1009.46825029938	738.709947960701
TCGA-A2-A0EO-01	4282.94049464431	2994.04565648085	7276.98615112515
TCGA-A2-A0YL-01	3669.91362377728	2543.65738128638	6213.57100506367
TCGA-AR-A1AY-01	2026.988390727	1406.53325992362	3433.52165065062
TCGA-B6-A0IC-01	-944.484499344293	504.931366881638	-439.553132462654
TCGA-AR-A24L-01	3746.10623018688	1535.17757947323	5281.28380966012
TCGA-AC-A3YJ-01	1387.3929848387	2655.12090095561	4042.51388579431
TCGA-A8-A06U-01	1976.88390391102	2480.0279102231	4456.91181413412
TCGA-AR-A0U0-01	2360.79000380087	4429.85470006114	6790.64470386201
TCGA-BH-A1EW-01	3032.63729479801	3097.53427784248	6130.17157264049
TCGA-AN-A0FF-01	3166.57340277903	3131.87274098958	6298.44614376861
TCGA-AN-A0FX-01	2616.7280888979	1124.0072821371	3740.735371035
TCGA-BH-A1FH-11	4571.16397148242	3577.0280900723	8148.19206155472
TCGA-E9-A1RF-11	5192.40258865727	3342.44598436555	8534.84857302283
TCGA-BH-A0DZ-01	4234.54020354066	3326.21376102304	7560.7539645637
TCGA-A2-A0SU-01	2876.30974919289	2256.97051662972	5133.2802658226
TCGA-E2-A15O-01	1100.2467339126	1289.32417607421	2389.57090998681
TCGA-E2-A1LI-01	1340.99906408877	3057.64891292309	4398.64797701187
TCGA-E9-A54Y-01	-349.755112621369	1266.58444838631	916.829335764943
TCGA-EW-A3E8-01	3651.13774290159	4253.84313146248	7904.98087436407
TCGA-D8-A1XV-01	945.192093704828	616.517936898578	1561.71003060341
TCGA-AR-A255-01	4164.25871826702	3094.2257715441	7258.48448981112
TCGA-GM-A4E0-01	4960.01083790424	4768.74310099071	9728.75393889495
TCGA-BH-A1F0-11	3747.11268762669	2245.99284414153	5993.10553176821
TCGA-B6-A0IE-01	2077.42596778181	1081.50907881654	3158.93504659835
TCGA-A8-A07F-01	2882.24500791096	2278.94925787322	5161.19426578418
TCGA-AN-A046-01	3632.41676747871	3958.88907220763	7591.30583968634
TCGA-AR-A1AS-01	2073.01540380998	1528.21035693372	3601.2257607437
TCGA-E2-A15T-01	935.909401672946	480.766910582912	1416.67631225586
TCGA-GM-A2DB-01	1088.09114927376	3000.78139307111	4088.87254234487
TCGA-EW-A1PH-01	1520.89415784088	1710.05839986494	3230.95255770583
TCGA-BH-A0HP-01	3465.07423397469	2556.97065471299	6022.04488868768
TCGA-AN-A0AM-01	2640.81426448766	2948.38473482027	5589.19899930794
TCGA-C8-A1HG-01	2826.47037635506	3844.74201460497	6671.21239096003
TCGA-BH-A18L-01	921.486246401951	1042.69734947536	1964.18359587731
TCGA-A2-A0YI-01	4083.55240822551	4445.38722094629	8528.93962917179
TCGA-D8-A4Z1-01	3456.35559027611	2126.83807847398	5583.19366875009
TCGA-GM-A2DK-01	3588.86598058569	2916.82832222072	6505.69430280641
TCGA-BH-A1FD-11	3874.14422533863	2344.03033968032	6218.17456501894
TCGA-E2-A1L9-01	4430.2381132858	3012.23786774904	7442.47598103484
TCGA-BH-A0BA-01	3070.91804493872	2232.68100454626	5303.59904948498
TCGA-C8-A12L-01	1618.65136913698	1952.82480679559	3571.47617593257
TCGA-A8-A083-01	513.576652011227	996.774801259874	1510.3514532711
TCGA-D8-A1XY-01	3815.51424024285	1750.79273367729	5566.30697392015
TCGA-AC-A2FF-11	4038.28961860553	3334.65558914897	7372.9452077545
TCGA-A2-A0D2-01	2500.76958173108	3293.6305924702	5794.40017420128
TCGA-AR-A1AL-01	3872.62963847363	2472.51840424607	6345.1480427197
TCGA-AO-A0J6-01	799.010646091276	3593.1288227443	4392.13946883557
TCGA-AO-A0J7-01	1273.03799409999	498.840107662992	1771.87810176299
TCGA-OL-A66H-01	3122.93253349211	3815.81248508164	6938.74501857375
TCGA-D8-A1J9-01	3525.14820391481	2287.37888195211	5812.52708586692
TCGA-BH-A0B5-01	3262.87364254373	2710.19543217752	5973.06907472125
TCGA-E2-A15A-06	2647.23271088482	4289.31219644637	6936.54490733119
TCGA-E2-A15K-11	4447.09097914178	3774.58661438048	8221.67759352225
TCGA-BH-A0B4-01	4032.01282862361	2756.14823991003	6788.16106853363
TCGA-AQ-A04H-01	1832.00142429762	1162.98489451179	2994.98631880941
TCGA-AR-A1AX-01	3882.26899513532	5178.59492841095	9060.86392354627
TCGA-BH-A0GZ-01	3084.20002787457	1490.54590002724	4574.74592790181
TCGA-B6-A0IN-01	3847.61930116125	3973.44016904877	7821.05947021003
TCGA-BH-A1F6-01	2885.04407365656	3677.59635281533	6562.64042647188
TCGA-A8-A07U-01	3740.26633759432	5505.02893301994	9245.29527061426
TCGA-BH-A18V-01	3414.62028582164	3660.3657281232	7074.98601394483
TCGA-AQ-A04L-01	2783.75582798577	1680.37205629468	4464.12788428045
TCGA-AR-A1AP-01	3137.69937149316	2967.97706946812	6105.67644096128
TCGA-AC-A2QH-01	2890.87590992841	1521.65700025964	4412.53291018805
TCGA-AR-A24M-01	3643.0166678219	1969.86442190677	5612.88108972867
TCGA-AR-A2LQ-01	5086.13380303605	2802.09438405251	7888.22818708856
TCGA-AC-A62Y-01	3184.13342541797	3551.95605334613	6736.08947876411
TCGA-BH-A0DQ-11	3169.0328173632	1633.23454418202	4802.26736154522
TCGA-BH-A0HO-01	2912.64363916455	2954.44195845397	5867.08559761852
TCGA-EW-A1OV-01	3785.22153405548	6046.09495615899	9831.31649021447
TCGA-A2-A0CK-01	2921.66001983111	2529.41138099668	5451.07140082779
TCGA-E2-A1L8-01	3309.82012728954	2077.95557995026	5387.7757072398
TCGA-EW-A1PG-01	3530.25672152208	1698.99832032194	5229.25504184402
TCGA-E2-A14Q-01	2361.01854602387	1684.66117496824	4045.67972099211
TCGA-EW-A1OY-01	1844.9781847707	1763.94025101818	3608.91843578888
TCGA-BH-A18H-01	3122.85230654537	4497.46786152877	7620.32016807413
TCGA-BH-A0HU-01	1399.26958934834	1272.47348343989	2671.74307278823
TCGA-AO-A03R-01	2194.96190520791	3397.00102466846	5591.96292987637
TCGA-A7-A26J-01	3449.71760254008	2119.88215326303	5569.59975580311
TCGA-AN-A0FS-01	3629.71050022479	1348.49071614278	4978.20121636757
TCGA-A2-A0ST-01	3381.27087647528	6752.57213088471	10133.84300736
TCGA-D8-A27W-01	3041.5244196377	2417.38851850839	5458.91293814609
TCGA-A2-A0SW-01	3506.12899674876	4373.08469272469	7879.21368947346
TCGA-AO-A1KS-01	2674.55337167426	1688.00838645424	4362.56175812849
TCGA-GM-A2DL-01	4085.63623749378	2813.46149563833	6899.09773313211
TCGA-BH-A0H5-11	2475.85580101664	1465.58859614251	3941.44439715915
TCGA-E9-A1RI-11	4738.89595213139	2570.95109364317	7309.84704577457
TCGA-A2-A04X-01	2585.98230577244	4221.53522262983	6807.51752840227
TCGA-EW-A1J6-01	1779.42035591644	3282.54598436429	5061.96634028073
TCGA-B6-A0RP-01	3659.53214393997	2660.27649781805	6319.80864175802
TCGA-E2-A159-01	3046.09698879083	4562.52083674544	7608.61782553627
TCGA-BH-A0W4-01	2908.70592143762	979.425528693215	3888.13145013084
TCGA-E2-A10E-01	2250.17187861854	1942.94547187386	4193.1173504924
TCGA-OL-A6VO-01	1117.57138568572	2115.13041362476	3232.70179931048
TCGA-D8-A1Y3-01	2212.31391830266	3448.35050346331	5660.66442176598
TCGA-BH-A209-11	4749.95787688503	3661.74676098289	8411.70463786792
TCGA-E2-A14V-01	1624.1578373493	931.94448756952	2556.10232491882
TCGA-BH-A18V-06	2515.10363288145	5751.52103979912	8266.62467268057
TCGA-A2-A0D0-01	360.956397077759	2990.47611810127	3351.43251517903
TCGA-A2-A0T5-01	2637.14402598091	1606.86117199395	4244.00519797486
TCGA-AN-A0XS-01	4026.06890771897	3350.18788015809	7376.25678787706
TCGA-B6-A402-01	1119.94400381215	668.381454168624	1788.32545798077
TCGA-D8-A1JB-01	3509.72526189708	4592.37557605516	8102.10083795224
TCGA-E2-A109-01	2434.70688260743	1765.85694281535	4200.56382542278
TCGA-B6-A0RE-01	1633.19725692186	1598.00417307762	3231.20142999948
TCGA-E9-A1RB-11	4591.14800596277	3428.75462073941	8019.90262670218
TCGA-E2-A2P5-01	2611.34235719372	1788.98884978344	4400.33120697716
TCGA-OL-A66K-01	2998.71191726355	1384.51657960153	4383.22849686508
TCGA-S3-AA11-01	1202.94036889878	388.752555603411	1591.69292450219
TCGA-C8-A134-01	2061.30584932044	3362.82323926931	5424.12908858976
TCGA-BH-A0DH-11	3732.93872649755	2598.89000106551	6331.82872756306
TCGA-AN-A0AT-01	1130.80222280374	2124.07638522862	3254.87860803235
TCGA-BH-A0HN-01	396.038075052123	1235.74487388743	1631.78294893955
TCGA-GM-A2DN-01	3184.1339769218	4694.03434082529	7878.16831774709
TCGA-E9-A1RD-11	5000.31067324012	3022.54374128969	8022.85441452981
TCGA-AO-A12D-01	4158.82825958721	4376.11579950094	8534.94405908815
TCGA-A8-A08C-01	1885.24661741267	1242.35679376201	3127.60341117468
TCGA-C8-A274-01	1254.37905341068	1407.77840997896	2662.15746338964
TCGA-BH-A0HX-01	3148.39024856956	1986.65289945343	5135.04314802299
TCGA-E9-A1NE-01	4126.07213500381	5506.35004501945	9632.42218002326
TCGA-BH-A0BP-01	4052.53631138224	1985.72233889114	6038.25865027338
TCGA-BH-A18Q-11	3211.13917205612	1733.36046382806	4944.49963588418
TCGA-AR-A2LM-01	4052.70621936951	2344.05246848102	6396.75868785053
TCGA-BH-A1FR-01	2081.83503812167	2512.9459976005	4594.78103572217
TCGA-B6-A0I1-01	-289.911955774261	310.689357080529	20.7774013062676
TCGA-W8-A86G-01	2256.33226496324	487.084533059543	2743.41679802278
TCGA-PL-A8LZ-01	4151.00380791142	4899.48842562467	9050.49223353609
TCGA-LD-A7W5-01	3284.35702791321	4633.50957075235	7917.86659866556
TCGA-D8-A1XU-01	3684.11180445979	2349.13605627795	6033.24786073774
TCGA-E2-A15G-01	1674.68935386967	1221.46367048874	2896.15302435841
TCGA-A2-A04R-01	2122.75549485158	405.018412035225	2527.77390688681
TCGA-AO-A126-01	3858.93594615746	2341.16708873546	6200.10303489293
TCGA-AO-A0JM-01	3293.21419062769	2237.83107647454	5531.04526710222
TCGA-EW-A2FS-01	2264.2879672497	2648.04340049311	4912.3313677428
TCGA-E2-A1LH-01	3180.4423352468	5358.00872622649	8538.45106147329
TCGA-A2-A25D-01	3144.95878013759	4703.01056646524	7847.96934660283
TCGA-E9-A243-01	4454.71057120485	6155.56061534874	10610.2711865536
TCGA-4H-AAAK-01	3917.95319297593	2216.29181277518	6134.24500575111
TCGA-E9-A1N6-01	3685.46383138979	2154.169063078	5839.63289446779
TCGA-BH-A0E9-01	2786.63346588837	2226.66751224303	5013.3009781314
TCGA-B6-A1KI-01	3118.28252394128	783.711511748512	3901.99403568979
TCGA-D8-A1X9-01	3678.89601645556	2799.61077723163	6478.50679368718
TCGA-BH-A0BJ-11	3321.62826561512	1608.93471883177	4930.56298444688
TCGA-A1-A0SB-01	1351.5210445228	-446.996800459289	904.524244063509
TCGA-E2-A14P-01	1407.41981058555	2527.25244927654	3934.67225986209
TCGA-E9-A1R7-11	5453.0755362223	3325.75883971126	8778.83437593355
TCGA-BH-A0W5-01	3828.83830824949	4980.08684970975	8808.92515795924
TCGA-E2-A15I-01	2748.78206674827	2900.93853267863	5649.7205994269
TCGA-A2-A3XY-01	4041.59956885988	4047.3275199944	8088.92708885428
TCGA-BH-A0H5-01	3674.62959111385	6804.32931577323	10478.9589068871
TCGA-OL-A5RY-01	4497.08736436649	5612.82030821489	10109.9076725814
TCGA-E9-A227-01	3573.02026306464	3647.09256116722	7220.11282423186
TCGA-C8-A8HR-01	4681.83836094046	3970.71054183767	8652.54890277813
TCGA-EW-A2FV-01	3332.42886236677	3273.21475907705	6605.64362144382
TCGA-BH-A1FG-11	3408.13580741993	2202.00356758112	5610.13937500104
TCGA-BH-A0BG-01	2346.55816782524	4106.70535175524	6453.26351958048
TCGA-D8-A3Z5-01	1826.72713642265	1229.81201847948	3056.53915490213
TCGA-BH-A1FD-01	3083.94260784413	1988.51187809669	5072.45448594082
TCGA-B6-A0RV-01	2310.13809173226	2778.50426858683	5088.64236031909
TCGA-E2-A1LA-01	3145.68092252284	4369.65078043692	7515.33170295976
TCGA-A2-A04Y-01	2848.67137404697	3573.75766099841	6422.42903504537
TCGA-AR-A24O-01	4950.83573803045	3410.79085168488	8361.62658971533
TCGA-EW-A2FW-01	2215.72544450563	1134.55849453839	3350.28393904402
TCGA-A2-A0CQ-01	1762.87707819278	2626.4664573768	4389.34353556958
TCGA-GM-A2DA-01	3838.67908923515	4013.75647718083	7852.43556641598
TCGA-E9-A1NH-01	4112.18783456487	2557.33758200761	6669.52541657248
TCGA-AO-A12A-01	3406.93792409381	2472.40858354278	5879.3465076366
TCGA-EW-A1IW-01	3226.11325480685	2377.74640531906	5603.8596601259
TCGA-E2-A14U-01	957.280691174279	1028.46696643749	1985.74765761176
TCGA-C8-A12K-01	3023.16249112629	5627.13935305475	8650.30184418104
TCGA-OL-A5RU-01	2724.67275788354	4170.0494895272	6894.72224741074
TCGA-LL-A5YM-01	2099.60370134517	2084.26889755682	4183.87259890199
TCGA-BH-A0BS-01	1423.29219815732	1237.80590456135	2661.09810271867
TCGA-AR-A2LK-01	2966.07516121442	2171.47140556919	5137.54656678361
TCGA-OL-A6VR-01	330.866805817457	546.297288119323	877.16409393678
TCGA-5L-AAT1-01	3708.83279977926	4795.75349977559	8504.58629955485
TCGA-E9-A1NA-01	3577.13035956084	3083.87670401669	6661.00706357754
TCGA-A8-A091-01	2419.99894035638	1598.27840762552	4018.2773479819
TCGA-A8-A07E-01	4509.57293361635	2948.21856812921	7457.79150174556
TCGA-BH-A18K-01	3174.89737327318	1661.73170350578	4836.62907677897
TCGA-A1-A0SJ-01	3061.26583707253	1791.07138035805	4852.33721743059
TCGA-D8-A1JL-01	3927.1209181952	4373.09610370134	8300.21702189654
TCGA-AR-A0TY-01	1365.42373926346	1032.35292797259	2397.77666723605
TCGA-E2-A574-01	-385.683478041904	-128.844995348855	-514.528473390759
TCGA-A8-A097-01	3705.78426532961	2543.97341230606	6249.75767763567
TCGA-AN-A0FZ-01	2309.27250543475	845.794695979307	3155.06720141405
TCGA-BH-A0E6-01	1970.2387934766	2774.06072863073	4744.29952210734
TCGA-C8-A132-01	3997.47604784006	3898.49131727105	7895.9673651111
TCGA-BH-A0H6-01	3017.86259923582	1087.05315299929	4104.91575223511
TCGA-B6-A0RG-01	2123.31737181458	723.852095723786	2847.16946753837
TCGA-PL-A8LY-01	832.372291712868	1595.70190137638	2428.07419308925
TCGA-D8-A1XS-01	3468.99573463386	2109.17798494488	5578.17371957874
TCGA-D8-A1JT-01	1439.84783843993	1633.45716972909	3073.30500816902
TCGA-B6-A0RS-01	2770.17778991197	3289.3788460064	6059.55663591838
TCGA-AC-A8OP-01	2912.94708012745	2006.30330263815	4919.2503827656
TCGA-E9-A1RG-01	2357.83792042019	2486.70035476748	4844.53827518767
TCGA-C8-A12Y-01	2601.48629310134	1828.56813186695	4430.05442496829
TCGA-BH-A0DP-01	3699.06303095679	3098.66571401413	6797.72874497092
TCGA-E9-A1QZ-01	3671.84709713605	4505.10897230033	8176.95606943637
TCGA-GM-A2D9-01	2865.10640999229	2385.1514048222	5250.25781481449
TCGA-GM-A3XL-01	801.251227340735	3764.79383588076	4566.0450632215
TCGA-LQ-A4E4-01	1784.48006774562	481.718386601221	2266.19845434684
TCGA-D8-A1X7-01	2852.90356163779	1699.77659731748	4552.68015895527
TCGA-AN-A0XU-01	1133.98291721853	2499.80843463367	3633.7913518522
TCGA-BH-A0BV-01	3747.59315747366	3323.78361365158	7071.37677112525
TCGA-BH-A1FJ-01	1382.35137310837	374.446323616864	1756.79769672523
TCGA-EW-A1J1-01	2320.40567117224	2997.19495081905	5317.60062199129
TCGA-A2-A4RX-01	3857.99047832207	2876.35584898599	6734.34632730806
TCGA-D8-A142-01	3851.60212069081	2833.24669042951	6684.84881112032
TCGA-EW-A1J2-01	4240.38893941068	3168.06997369057	7408.45891310125
TCGA-BH-A0HF-01	4005.67220092435	3294.28906162188	7299.96126254623
TCGA-E9-A1N9-01	2718.36229793356	1787.47123561852	4505.83353355208
TCGA-E2-A570-01	3205.46047510873	1381.02323554528	4586.48371065401
TCGA-AO-A0JG-01	3290.33636196011	3551.21358396699	6841.54994592709
TCGA-S3-A6ZH-01	1224.4477227919	1692.61232440611	2917.06004719801
TCGA-D8-A1XC-01	406.974131207881	792.878984006625	1199.85311521451
TCGA-AQ-A54N-01	-995.567771710566	1274.07227198657	278.504500276
TCGA-C8-A131-01	2979.64950244778	2656.27281318039	5635.92231562817
TCGA-E2-A1AZ-01	3872.23027971572	3938.80576390556	7811.03604362128
TCGA-E9-A3HO-01	1724.29053737983	2606.59688218338	4330.88741956321
TCGA-A7-A5ZX-01	3284.81833061025	1300.49565246857	4585.31398307882
TCGA-AR-A2LH-01	3568.98891963358	5014.64957553575	8583.63849516933
TCGA-C8-A138-01	3937.3938768434	4204.56150199865	8141.95537884206
TCGA-LL-A6FR-01	2498.79577796984	1654.11702814551	4152.91280611535
TCGA-D8-A1JM-01	-61.6571729837836	1662.26677356272	1600.60960057894
TCGA-BH-A0BF-01	5211.25058869288	5524.6407128851	10735.891301578
TCGA-A7-A0CH-01	2615.82636781976	1350.45634488375	3966.2827127035
TCGA-LL-A73Y-01	3298.74975239814	3284.48642010462	6583.23617250276
TCGA-BH-A1FH-01	4960.91260262938	2175.50567903583	7136.41828166521
TCGA-AC-A4ZE-01	1886.4993795801	1340.903643028	3227.4030226081
TCGA-AR-A24U-01	4421.28061817948	4750.71760414512	9171.9982223246
TCGA-A7-A13G-11	4674.98764029623	2249.53387200839	6924.52151230462
TCGA-A2-A0SX-01	3740.28420711997	4769.75662701132	8510.04083413129
TCGA-E9-A1ND-01	3227.18054374032	5288.71127488654	8515.89181862686
TCGA-A8-A084-01	2280.40458429236	1184.75309803408	3465.15768232645
TCGA-BH-A0DK-11	2200.83028048906	969.424280890837	3170.2545613799
TCGA-A1-A0SG-01	3146.61212223085	2386.09135600127	5532.70347823213
TCGA-B6-A0X0-01	602.951753713268	859.584963836174	1462.53671754944
TCGA-AR-A254-01	4266.07095925483	4075.89935231173	8341.97031156656
TCGA-LD-A7W6-01	2540.60490089093	2040.9631915838	4581.56809247473
TCGA-BH-A1FC-11	4252.49431052447	3320.09559649746	7572.58990702193
TCGA-E9-A1NG-11	5256.11756732426	3448.23756096148	8704.35512828574
TCGA-D8-A1Y0-01	3967.26120774098	3642.43918415316	7609.70039189414
TCGA-BH-A18R-01	1802.99516589575	2020.74085091139	3823.73601680714
TCGA-LL-A5YO-01	3368.96371240015	6473.01499933541	9841.97871173556
TCGA-AO-A0J4-01	2544.533813047	3861.60306934166	6406.13688238866
TCGA-E9-A1NG-01	5294.18725663895	3711.15523122782	9005.34248786677
TCGA-BH-A18M-01	3948.80254465032	2352.85717124232	6301.65971589265
TCGA-A8-A085-01	2349.39130963701	157.00151219505	2506.39282183206
TCGA-E2-A10F-01	4377.94338075623	3648.11502700573	8026.05840776196
TCGA-D8-A27H-01	3191.67628237593	1972.99989545776	5164.67617783369
TCGA-AN-A0XT-01	2237.56644275515	1176.27788786867	3413.84433062382
TCGA-A2-A3Y0-01	1302.6703868364	3785.43617921113	5088.10656604754
TCGA-AN-A0XL-01	4023.09613985003	1666.57082035074	5689.66696020078
TCGA-BH-A1EU-11	3763.91675017949	1904.15136785221	5668.0681180317
TCGA-BH-A0BQ-11	3450.81463250875	2160.81530093484	5611.62993344358
TCGA-AR-A0U2-01	1618.73435938816	2179.43843143111	3798.17279081926
TCGA-A7-A5ZW-01	4222.71728189252	2652.28189955327	6874.99918144579
TCGA-AN-A0AR-01	426.124153944908	524.701324195933	950.825478140841
TCGA-E9-A1RH-01	2429.9949726924	1609.76160136005	4039.75657405244
TCGA-LL-A5YL-01	2750.69025261876	3182.6740501581	5933.36430277686
TCGA-E9-A22G-01	373.456306345652	1418.08921000087	1791.54551634653
TCGA-AR-A1AW-01	4187.79553919792	6594.98685934767	10782.7823985456
TCGA-BH-A1EN-01	2630.5921909825	1334.01166611794	3964.60385710044
TCGA-B6-A409-01	1751.22710483655	2100.20707620564	3851.43418104219
TCGA-A8-A0A2-01	3268.8361146188	2539.49407679879	5808.33019141759
TCGA-AR-A2LJ-01	3972.01383127428	4595.43690417767	8567.45073545194
TCGA-A7-A2KD-01	3581.86853670525	3240.23002762093	6822.09856432618
TCGA-EW-A1P4-01	2420.22964067887	4060.56796504936	6480.79760572823
TCGA-A8-A09M-01	2432.95767865261	3431.62910583211	5864.58678448472
TCGA-E9-A245-01	1601.1671998351	852.272659811868	2453.43985964696
TCGA-GI-A2C9-11	4463.53796672641	2909.65609064958	7373.194057376
TCGA-E2-A1IP-01	2974.82729999336	5386.62001186454	8361.4473118579
TCGA-C8-A3M7-01	3435.50602148971	2303.11031499742	5738.61633648713
TCGA-BH-A0DV-01	5248.86438608059	3074.42892777925	8323.29331385984
TCGA-D8-A27T-01	4314.35008706034	3442.83327058535	7757.1833576457
TCGA-AO-A128-01	3153.0991860786	6769.27726638131	9922.37645245991
TCGA-EW-A1J3-01	2403.62445050887	1676.23168878913	4079.85613929801
TCGA-AC-A2BM-01	2255.31623459511	2664.28102913665	4919.59726373177
TCGA-AN-A0FN-01	5709.32645134657	5113.88104815993	10823.2074995065
TCGA-A8-A08O-01	2815.83985583781	741.338226796164	3557.17808263398
TCGA-A8-A09A-01	3671.84253109786	2397.77795755353	6069.62048865139
TCGA-AO-A1KQ-01	2522.06134646459	3177.27331942489	5699.33466588948
TCGA-WT-AB44-01	2916.21758793674	2134.86001133223	5051.07759926897
TCGA-A2-A0T3-01	1685.15737988144	637.942715971952	2323.10009585339
TCGA-E9-A1NA-11	4484.64937769583	3221.44879590921	7706.09817360504
TCGA-B6-A0RN-01	3028.78270764768	1018.47723864556	4047.25994629324
TCGA-A7-A3J0-01	902.250510365366	2055.13659443343	2957.3871047988
TCGA-GM-A2DC-01	1411.70182312695	1238.11005493681	2649.81187806376
TCGA-BH-A8G0-01	4443.84430794608	4439.54672031492	8883.391028261
TCGA-A2-A0ET-01	839.560309764399	2162.25274662867	3001.81305639307
TCGA-C8-A12Q-01	3378.15277729076	2855.15833859037	6233.31111588113
TCGA-BH-A0E7-01	2071.99048878975	591.002608637112	2662.99309742687
TCGA-BH-A0DV-11	2243.23991239777	1045.61298426672	3288.85289666448
TCGA-AN-A04A-01	3716.78186142569	1823.56634067841	5540.34820210409
TCGA-E9-A2JT-01	3946.00496199702	6873.90796651082	10819.9129285078
TCGA-E9-A1R7-01	1558.69730108761	469.811069638739	2028.50837072635
TCGA-E2-A1LL-01	1267.76731519465	1151.15667686541	2418.92399206006
TCGA-E9-A1R0-01	3375.60890741052	2413.23135820597	5788.84026561649
TCGA-A8-A07B-01	3108.41892298935	1550.62431252701	4659.04323551636
TCGA-EW-A1PE-01	3796.47969990653	3939.42858812764	7735.90828803417
TCGA-A7-A6VY-01	3002.10018622202	3935.2030281422	6937.30321436422
TCGA-E2-A156-01	667.128812409732	718.451000938563	1385.57981334829
TCGA-A7-A426-01	3226.80918325087	2232.28517772229	5459.09436097315
TCGA-A8-A06Q-01	161.845639348433	567.968718097859	729.814357446292
TCGA-D8-A73U-01	4857.35135886314	6511.430416707	11368.7817755701
TCGA-E9-A54X-01	-1617.015807961	-656.391357776987	-2273.40716573798
TCGA-A8-A0A7-01	4863.10448651824	6273.37820147221	11136.4826879905
TCGA-E2-A14Y-01	1143.18846422993	1382.19009738222	2525.37856161216
TCGA-D8-A1JN-01	371.157049109243	1593.59753458439	1964.75458369364
TCGA-BH-A1FU-11	3668.77033690965	1919.62481128387	5588.39514819352
TCGA-AN-A0AJ-01	2704.57311940179	3720.14387239216	6424.71699179395
TCGA-A8-A076-01	3515.16363791232	2436.23703795171	5951.40067586403
TCGA-A2-A0ES-01	3970.24316232932	2619.28055435429	6589.52371668362
TCGA-BH-A1F2-01	4004.81070411743	1920.37241843208	5925.18312254951
TCGA-B6-A408-01	3185.5302590076	3613.18215789215	6798.71241689976
TCGA-E9-A5FK-01	3524.1416426876	5643.12703733249	9167.26868002009
TCGA-LL-A7SZ-01	2872.51945846661	4855.59742580614	7728.11688427275
TCGA-E2-A572-01	561.316184895467	1439.16808063379	2000.48426552926
TCGA-BH-A0B0-01	4147.2537592367	3645.39038898602	7792.64414822272
TCGA-A8-A09D-01	4731.2017098882	3207.02554633679	7938.22725622499
TCGA-A2-A0YJ-01	890.18150768027	795.088028443974	1685.26953612424
TCGA-D8-A13Z-01	3275.30684850576	3452.40796980482	6727.71481831059
TCGA-A1-A0SI-01	4392.16401773978	3300.34986692296	7692.51388466275
TCGA-E2-A14O-01	1635.05342220151	1536.17072006111	3171.22414226262
TCGA-BH-A0E0-01	739.503176044983	1935.1450799189	2674.64825596388
TCGA-A7-A3IY-01	3699.63929401086	3824.82553252762	7524.46482653848
TCGA-EW-A1P3-01	2750.96564115713	1972.85530864225	4723.82094979938
TCGA-AR-A24V-01	4680.86990457324	2938.13140939864	7619.00131397188
TCGA-BH-A1F2-11	3956.7100686078	2050.91612204499	6007.62619065279
TCGA-EW-A423-01	1626.02463020241	2920.2591781302	4546.28380833262
TCGA-LD-A66U-01	3147.54776223737	3670.47975947091	6818.02752170828
TCGA-A7-A13F-01	2281.18933758123	1755.91679372513	4037.10613130636
TCGA-BH-A1FB-01	4522.18635082859	4298.96216088712	8821.1485117157
TCGA-BH-A0BM-01	3341.43191836195	1688.57376599569	5030.00568435764
TCGA-BH-A18V-11	3321.70996939207	2372.15775196155	5693.86772135362
TCGA-AR-A1AU-01	3151.29092044703	1611.78996601794	4763.08088646497
TCGA-A2-A0YF-01	2463.92415464871	2573.65302169008	5037.5771763388
TCGA-E2-A1IE-01	1283.8695339673	41.1001493767059	1324.96968334401
TCGA-AC-A2FE-01	4111.76608399516	4943.01173357292	9054.77781756808
TCGA-BH-A1FM-11	3672.16597105476	1929.44712443182	5601.61309548658
TCGA-AC-A3W7-01	2977.76712820755	1667.91429784783	4645.68142605537
TCGA-A7-A26G-01	4925.59336322318	3764.01832789522	8689.6116911184
TCGA-LL-A8F5-01	1936.04930916291	3177.89805579199	5113.9473649549
TCGA-A2-A4S2-01	3263.30851242946	3640.26788254423	6903.5763949737
TCGA-BH-A0W3-01	1173.82078100041	1608.05828606018	2781.87906706059
TCGA-LL-A7T0-01	1930.34127499551	2468.31293485817	4398.65420985368
TCGA-A7-A5ZV-01	1233.21737358261	2339.48174082096	3572.69911440357
TCGA-AO-A0JB-01	2538.14284737286	2328.58140032141	4866.72424769427
TCGA-BH-A0AU-11	2034.22854973336	1479.89380453026	3514.12235426362
TCGA-BH-A0BT-11	1870.97241587073	1109.25726481168	2980.22968068241
TCGA-B6-A0I5-01	2463.50610258502	2424.65006702434	4888.15616960937
TCGA-EW-A1IZ-01	2449.56542826683	5681.48916405024	8131.05459231707
TCGA-AO-A12H-01	1779.10351159662	1549.20199641747	3328.30550801409
TCGA-A8-A0A9-01	2886.01891858128	2157.95865951872	5043.9775781
TCGA-AC-A2FG-01	2745.67054436433	1643.78101240892	4389.45155677325
TCGA-A2-A0T1-01	4583.33507540885	5164.69423574666	9748.02931115551
TCGA-AO-A0JJ-01	4550.68985761412	4326.72482887187	8877.41468648599
TCGA-BH-A0E1-01	2455.45084848544	1101.99226752858	3557.44311601402
TCGA-AC-A3QP-01	3839.97815254709	3580.91401420921	7420.89216675629
TCGA-B6-A0IP-01	2093.48659960765	1993.07733914317	4086.56393875083
TCGA-Z7-A8R6-01	1802.31497740456	1645.60381526902	3447.91879267358
TCGA-E2-A154-01	2480.82500226439	805.320374034446	3286.14537629884
TCGA-A2-A0EW-01	4486.70243083961	3095.93673899511	7582.63916983473
TCGA-BH-A0AU-01	3331.83295165506	2385.15380626192	5716.98675791698
TCGA-BH-A204-11	4956.15263253026	2248.38443245728	7204.53706498754
TCGA-BH-A1ET-01	3161.83906054413	2120.24319153754	5282.08225208166
TCGA-AO-A03V-01	1972.37489755783	1385.51463347093	3357.88953102875
TCGA-BH-A1FB-11	3092.45529612026	2286.68755773968	5379.14285385994
TCGA-GM-A5PX-01	3615.72685637103	2178.51996658789	5794.24682295892
TCGA-C8-A135-01	3274.68970725969	2859.23521136834	6133.92491862802
TCGA-BH-A0AW-01	4066.2966130506	5332.11731669198	9398.41392974258
TCGA-AR-A24N-01	2962.42613274607	1680.49008769571	4642.91622044178
TCGA-A8-A09Q-01	3646.74330260116	3895.86075845604	7542.6040610572
TCGA-E9-A22D-01	3145.81128804448	5887.44990024108	9033.26118828556
TCGA-B6-A0I6-01	2525.36218855373	1280.1630133708	3805.52520192453
TCGA-D8-A1JH-01	4274.58922824823	3066.80660899273	7341.39583724097
TCGA-E9-A1RE-01	1792.48599855408	740.087135025681	2532.57313357976
TCGA-E2-A1BC-01	3589.60416594609	1099.0390609245	4688.64322687059
TCGA-BH-A0C0-01	2751.86269487478	5389.52520129862	8141.3878961734
TCGA-AR-A24X-01	2978.64338848266	1751.97434535846	4730.61773384111
TCGA-EW-A1OW-01	3111.00940362642	2221.16744406597	5332.17684769239
TCGA-A7-A3RF-01	1435.84819392614	489.849629341143	1925.69782326728
TCGA-A8-A07G-01	4091.24075495953	2437.54692861754	6528.78768357707
TCGA-AC-A23C-01	3396.81211819098	2859.30147270689	6256.11359089787
TCGA-AC-A23H-01	2317.67579160302	1135.30366143005	3452.97945303307
TCGA-D8-A1XF-01	567.272081608479	750.623688719081	1317.89577032756
TCGA-AR-A0U4-01	3251.70812593605	5208.55340242837	8460.26152836441
TCGA-A8-A09C-01	2225.86873546314	754.484366400427	2980.35310186357
TCGA-AN-A0XP-01	2832.36403358879	1444.91743162563	4277.28146521443
TCGA-D8-A1XK-01	1397.71801685334	3049.10241186922	4446.82042872256
TCGA-EW-A6S9-01	3093.56305815314	1581.26524498482	4674.82830313796
TCGA-A8-A08T-01	2655.08675960716	1589.5514048416	4244.63816444876
TCGA-AR-A0TP-01	950.522852868433	178.379876011885	1128.90272888032
TCGA-E2-A15D-01	2900.63696178622	1914.34748866901	4814.98445045523
TCGA-B6-A0IQ-01	831.102475012808	1890.21190059164	2721.31437560445
TCGA-AN-A0XO-01	2421.66879021758	197.819231173581	2619.48802139116
TCGA-BH-A0B8-01	2498.16171689339	1400.87597621046	3899.03769310385
TCGA-AO-A129-01	2537.12005773507	4060.89665079444	6598.01670852952
TCGA-GM-A2DF-01	3154.80438676353	4392.23123988162	7547.03562664515
TCGA-D8-A27M-01	4200.98840336297	4799.42750167539	9000.41590503836
TCGA-AN-A03X-01	4437.81618371751	2483.43719054468	6921.25337426219
TCGA-A7-A0DC-11	4343.08988797747	2103.39718942139	6446.48707739886
TCGA-OL-A66O-01	1436.03777218621	642.242355281618	2078.28012746783
TCGA-EW-A6SA-01	354.530444608865	-403.228907407345	-48.6984627984796
TCGA-BH-A5J0-01	4044.9475844252	4585.90341382495	8630.85099825015
TCGA-BH-A0EB-01	4303.63818992882	4076.52047848309	8380.15866841191
TCGA-B6-A0IB-01	683.349214607202	47.7079042241352	731.057118831337
TCGA-B6-A0WY-01	3222.81994674617	2285.90211774392	5508.72206449009
TCGA-AC-A3BB-01	4296.06538622373	4490.15112329469	8786.21650951842
TCGA-AN-A049-01	3417.4883307293	2771.36427688948	6188.85260761877
TCGA-A8-A06Z-01	901.784028114173	1109.58055996349	2011.36458807766
TCGA-C8-A1HI-01	2516.71752498874	1434.56818574269	3951.28571073143
TCGA-BH-A0HL-01	155.823076294365	-647.706355958198	-491.883279663833
TCGA-BH-A18S-11	3719.6463714231	3535.36887133361	7255.01524275671
TCGA-A1-A0SF-01	3013.34836103574	2885.65724822537	5899.0056092611
TCGA-AR-A2LR-01	3445.46134234692	1451.32250210533	4896.78384445225
TCGA-E9-A1RF-01	3775.43862068363	3584.89351870361	7360.33213938724
TCGA-B6-A0RT-01	3840.02436075225	6894.29854973996	10734.3229104922
TCGA-E9-A1RI-01	4243.13166401685	2136.13372386167	6379.26538787852
TCGA-BH-A0DL-01	2349.37820520153	4641.99597579575	6991.37418099727
TCGA-AR-A251-01	2393.86759592802	1879.84512272729	4273.71271865531
TCGA-AC-A3TN-01	2004.11741670476	1499.14757855412	3503.26499525888
TCGA-AC-A2QI-01	3763.36300333891	3178.01849958031	6941.38150291922
TCGA-B6-A0X4-01	-472.336430153573	-408.413308294525	-880.749738448099
TCGA-E2-A1B5-01	3652.64967589356	6036.35954233907	9689.00921823263
TCGA-A2-A0YH-01	4101.51844091162	4318.45513908246	8419.97357999408
TCGA-A8-A06T-01	2551.70567329751	2136.44660135765	4688.15227465515
TCGA-E2-A15K-06	-213.809206438097	1147.72354946617	933.914343028076
TCGA-E9-A22H-01	1995.73794112956	2220.08903499698	4215.82697612654
TCGA-BH-A0DE-01	4102.8615204396	3138.4489414698	7241.3104619094
TCGA-OL-A5RW-01	1528.81999695524	2109.19640590287	3638.01640285812
TCGA-A8-A090-01	3296.06867766327	2912.868129541	6208.93680720426
TCGA-AO-A03O-01	1858.85463669859	2951.30620191895	4810.16083861754
TCGA-BH-A18S-01	1310.66961626059	1456.45142929413	2767.12104555472
TCGA-A2-A3KD-01	2517.20940544243	1899.25095147979	4416.46035692222
TCGA-E2-A153-11	3275.15748316654	2517.90321581946	5793.060698986
TCGA-E2-A56Z-01	1412.26379138302	1141.07181755574	2553.33560893876
TCGA-BH-A0GY-01	2903.30800885777	2662.27220401457	5565.58021287234
TCGA-AC-A2FF-01	5028.54743606123	3844.13471154726	8872.6821476085
TCGA-BH-A0H3-01	4041.87097965154	2641.08983615461	6682.96081580616
TCGA-A2-A25F-01	5795.59023204461	7201.65675016463	12997.2469822092
TCGA-A7-A26F-01	3988.36286985424	3631.18338909892	7619.54625895316
TCGA-A7-A26H-01	3852.66331713831	2859.9496029422	6712.61292008051
TCGA-B6-A0WT-01	3105.0485215412	1329.00114258815	4434.04966412935
TCGA-BH-A1FE-11	2773.24432553403	2160.33131898791	4933.57564452195
TCGA-BH-A28Q-01	2833.27875876198	1790.85363920525	4624.13239796722
TCGA-B6-A1KF-01	1553.6911710906	-140.000712260861	1413.69045882974
TCGA-S3-A6ZF-01	2549.06442133449	2758.35121932949	5307.41564066398
TCGA-BH-A0BC-11	3922.97031045052	2635.0911803426	6558.06149079313
TCGA-WT-AB41-01	2347.61860054018	5301.08362117691	7648.70222171709
TCGA-AC-A62V-01	2296.29535847438	1689.78823153119	3986.08359000557
TCGA-UU-A93S-01	501.35677294001	1972.2696571558	2473.62643009581
TCGA-E2-A1LK-01	73.9923145332659	1534.72856332559	1608.72087785886
TCGA-S3-AA17-01	3120.35139268649	5439.56335041849	8559.91474310498
TCGA-BH-A209-01	3100.73166865567	5455.88465337329	8556.61632202896
TCGA-GI-A2C8-01	4701.13723595246	3572.38442452649	8273.52166047895
TCGA-OL-A5D6-01	3740.52530880876	2458.22184666533	6198.74715547409
TCGA-BH-A0EA-01	3626.82238501831	2180.55750188502	5807.37988690332
TCGA-E9-A1R4-01	3139.97691879854	4210.53809543263	7350.51501423117
TCGA-A8-A092-01	2404.21318987312	1777.37553252378	4181.5887223969
TCGA-BH-A18F-01	3793.46248956034	2822.46820560248	6615.93069516282
TCGA-BH-A1FR-11	4773.00317964972	3758.72158287197	8531.72476252168
TCGA-AC-A3OD-01	3365.72191171256	4557.92731806854	7923.6492297811
TCGA-C8-A12V-01	3559.20830163174	6537.10496567854	10096.3132673103
TCGA-A8-A06O-01	2920.50652070959	2216.54815909662	5137.05467980621
TCGA-E9-A1RD-01	2899.04004741472	1727.55964277309	4626.5996901878
TCGA-A8-A06N-01	-879.733336224785	377.996282642161	-501.737053582623
TCGA-A7-A13D-01	1993.64114912319	906.044299495444	2899.68544861863
TCGA-D8-A1XQ-01	3114.38334377472	4009.48355586837	7123.86689964308
TCGA-AR-A0TW-01	2374.19176316408	3493.7499733099	5867.94173647398
TCGA-JL-A3YX-01	1843.64244150621	819.990600101567	2663.63304160777
TCGA-BH-A0H7-01	3314.76003754891	1795.74501821193	5110.50505576084
TCGA-OK-A5Q2-01	3325.12427935288	3781.45840800089	7106.58268735376
TCGA-D8-A141-01	4910.44715037132	5117.19504666495	10027.6421970363
TCGA-A7-A56D-01	3265.94799269503	3052.72005826274	6318.66805095777
TCGA-C8-A26V-01	2217.05761357126	2081.91636594978	4298.97397952104
TCGA-A2-A0YE-01	2018.13068941461	1055.18992768554	3073.32061710015
TCGA-A2-A0CW-01	1197.07037647108	2281.88128088509	3478.95165735617
TCGA-E2-A1LB-11	1791.17714670453	539.330040521435	2330.50718722597
TCGA-AR-A24K-01	1655.72655363686	356.782381008115	2012.50893464497
TCGA-A1-A0SQ-01	2003.59522482753	1750.44933169606	3754.04455652359
TCGA-C8-A27B-01	1862.97089122436	4175.12586219923	6038.09675342359
TCGA-D8-A143-01	1487.08342832747	2392.28480150652	3879.36822983398
TCGA-E9-A248-01	2874.57891904441	4887.13618997038	7761.71510901479
TCGA-A2-A04N-01	3453.56103977537	1686.71961410061	5140.28065387598
TCGA-BH-A1EW-11	3168.94699037685	1801.45996671722	4970.40695709407
TCGA-BH-A208-11	2774.29642737944	1444.63435117996	4218.9307785594
TCGA-A2-A3KC-01	3978.1187846868	2700.08577985227	6678.20456453907
TCGA-A2-A0EM-01	3273.09975615934	1686.95104878629	4960.05080494563
TCGA-GM-A2DI-01	4598.37812156377	5957.60569823915	10555.9838198029
TCGA-AO-A12B-01	1157.86567834297	1250.32179909835	2408.18747744132
TCGA-E9-A1RH-11	4836.33131968226	2532.10565360896	7368.43697329122
TCGA-BH-A0DT-01	3379.47876484974	2761.38127953052	6140.86004438026
TCGA-BH-A0BW-11	3950.78043102627	5825.81567590888	9776.59610693515
TCGA-A7-A4SC-01	3395.7527795651	2519.51692559345	5915.26970515855
TCGA-D8-A140-01	2766.9367896403	2642.59652734166	5409.53331698196
TCGA-A8-A07O-01	1628.84776553569	2770.88616450793	4399.73393004363
TCGA-BH-A208-01	5617.97161841939	2715.10272265689	8333.07434107629
TCGA-B6-A0IA-01	237.970659023701	783.463291067357	1021.43395009106
TCGA-AR-A0TZ-01	2205.362631443	1203.37062822793	3408.73325967093
TCGA-BH-A0BS-11	1937.58439263637	1952.80627206264	3890.39066469901
TCGA-E2-A10A-01	2398.4959197546	1904.89701438376	4303.39293413835
TCGA-A7-A6VW-01	1854.4895295027	2758.04335154759	4612.53288105028
TCGA-C8-A26Y-01	848.631133643601	2229.6909148267	3078.3220484703
TCGA-AO-A0J5-01	4283.949466626	1995.46598998881	6279.4154566148
TCGA-BH-A1FN-11	4780.24556173791	4276.98070427121	9057.22626600912
TCGA-B6-A2IU-01	1495.54998139857	772.426022299033	2267.9760036976
TCGA-C8-A26Z-01	2236.95316210634	726.05056783178	2963.00372993812
TCGA-D8-A27N-01	4177.56156555361	3426.02088902853	7603.58245458214
TCGA-D8-A27K-01	3137.98890544975	2838.19072532245	5976.17963077221
TCGA-E2-A14X-01	2396.44306221403	3558.8222892638	5955.26535147784
TCGA-A2-A1G1-01	3817.12576865789	3869.63107829564	7686.75684695353
TCGA-A7-A26I-01	3637.84667179789	2117.32110194398	5755.16777374187
TCGA-BH-A0HK-11	3890.81352592814	2605.72504292384	6496.53856885198
TCGA-BH-A6R9-01	5542.61846283853	4742.30728716516	10284.9257500037
TCGA-A7-A0DA-01	2709.5234620226	1348.44346127106	4057.96692329365
TCGA-A8-A09E-01	1643.55133670204	1045.09656263524	2688.64789933729
TCGA-AN-A0G0-01	1891.92888485303	1696.89266705035	3588.82155190337
TCGA-E2-A15E-01	2498.95902260094	685.605654707246	3184.56467730819
TCGA-LL-A73Z-01	3768.28925212371	3605.33886760774	7373.62811973145
TCGA-E2-A9RU-01	2301.55925825398	2050.47721949755	4352.03647775153
TCGA-LD-A9QF-01	4633.95781145504	6144.59510961312	10778.5529210682
TCGA-OL-A66P-01	3971.75458739859	6292.65659690018	10264.4111842988
TCGA-E2-A1LG-01	71.3435827186239	1668.15630213775	1739.49988485637
TCGA-A8-A081-01	1513.86493419883	3397.81110553839	4911.67603973723
TCGA-A8-A0A6-01	3450.5356904213	4457.55012341158	7908.08581383288
TCGA-BH-A0HB-01	2919.70772932726	3477.53529510591	6397.24302443317
TCGA-A8-A08B-01	1096.00450170194	2364.99874898269	3461.00325068463
TCGA-E2-A15L-01	2836.04975667765	1236.00065606499	4072.05041274265
TCGA-B6-A1KC-01	1485.72192429478	832.311015052051	2318.03293934683
TCGA-E2-A15S-01	448.117835594497	-130.207719301829	317.910116292668
TCGA-A2-A0YD-01	4669.64384890659	3537.5607742287	8207.20462313529
TCGA-E2-A1B1-01	4807.59670321491	4130.33784594785	8937.93454916276
TCGA-C8-A27A-01	1259.80176246157	629.473289490623	1889.2750519522
TCGA-A8-A082-01	2481.32393582306	2021.06336528655	4502.38730110962
TCGA-D8-A1JI-01	1316.40891831767	1380.66031731553	2697.0692356332
TCGA-A2-A0T7-01	3391.68784396629	2237.61474594573	5629.30258991203
TCGA-E9-A1N3-01	1113.26316302246	364.021064524497	1477.28422754696
TCGA-OL-A6VQ-01	3656.86843771387	2576.14472041707	6233.01315813095
TCGA-BH-A0AZ-11	3506.03724873485	1579.58958893805	5085.6268376729
TCGA-AN-A0FK-01	2089.64525740253	1399.08731398377	3488.73257138631
TCGA-LL-A442-01	1316.00768011211	2462.77882579977	3778.78650591188
TCGA-BH-A0DO-11	2688.93361316749	1850.26271916613	4539.19633233362
TCGA-D8-A1JC-01	3213.23692761759	2632.7871853896	5846.02411300718
TCGA-EW-A6SD-01	2790.47577715206	3555.95611547284	6346.43189262491
TCGA-A1-A0SP-01	2111.65871849586	3122.55740918362	5234.21612767948
TCGA-E2-A15P-01	2664.73304282964	1242.79726709687	3907.5303099265
TCGA-AC-A6IV-01	5152.21941649557	4595.58263115629	9747.80204765186
TCGA-C8-A1HE-01	2334.83061165769	1860.67901114521	4195.5096228029
TCGA-A8-A086-01	3518.188661788	1542.48925975286	5060.67792154086
TCGA-OL-A66I-01	3844.07938245671	6102.69394139921	9946.77332385591
TCGA-E2-A1IG-01	3573.06051478197	1782.33190530488	5355.39242008686
TCGA-AR-A24Q-01	3527.57713508219	3017.91156051678	6545.48869559896
TCGA-E2-A1B4-01	1728.21522288421	852.154158358626	2580.36938124283
TCGA-B6-A0IM-01	2672.37762200114	1416.11978882642	4088.49741082755
TCGA-C8-A12T-01	3553.7209533468	2173.36784843422	5727.08880178101
TCGA-A1-A0SK-01	-435.66529375027	-921.840662866797	-1357.50595661707
TCGA-D8-A147-01	1940.03120154387	2905.50372880593	4845.53493034981
TCGA-A8-A06P-01	4268.2976483025	2309.2452748765	6577.542923179
TCGA-BH-A0BA-11	4306.23741220485	3116.46760280139	7422.70501500623
TCGA-A8-A07J-01	5055.51381188347	4119.22391443703	9174.7377263205
TCGA-OL-A66L-01	3561.4440385666	3612.23989281919	7173.68393138579
TCGA-A2-A4S3-01	2032.63971027317	3006.97723086674	5039.61694113991
TCGA-AR-A5QM-01	3694.27135727955	3256.66692604226	6950.93828332181
TCGA-AR-A0TR-01	-263.904165398519	1217.61061100082	953.706445602297
TCGA-D8-A27V-01	3337.00720474257	1632.15747929607	4969.16468403864
TCGA-A2-A3XS-01	2273.61825547972	2729.92889026117	5003.54714574089
TCGA-BH-A0E1-11	1652.96084639376	1253.51620527501	2906.47705166877
TCGA-BH-A1EN-11	4627.14859271893	2993.97768573662	7621.12627845555
TCGA-A8-A07W-01	2793.0372125587	2507.29850658859	5300.33571914729
TCGA-EW-A424-01	2569.18661556177	756.224234162599	3325.41084972437
TCGA-A7-A0CJ-01	1325.76703012221	1408.23737151254	2734.00440163475
TCGA-E2-A158-11	5017.43746050977	2687.82862662901	7705.26608713878
TCGA-S3-AA12-01	1149.25025927559	810.520785576762	1959.77104485235
TCGA-A2-A04V-01	3375.78805165316	2123.1275793397	5498.91563099287
TCGA-AC-A2QJ-01	4001.48287564314	4875.42540633646	8876.9082819796
TCGA-A2-A0EV-01	3781.16139803209	3252.53565051222	7033.69704854431
TCGA-EW-A3U0-01	3942.10676524459	6039.12121796124	9981.22798320583
TCGA-E9-A228-01	1999.80154057494	1712.85580889681	3712.65734947175
TCGA-AO-A12C-01	3883.12348808022	1284.30777316316	5167.43126124337
TCGA-D8-A1XM-01	4255.67567511939	3562.54793563922	7818.22361075862
TCGA-AO-A125-01	-788.629245421456	340.55916607774	-448.070079343716
TCGA-BH-A0B2-01	4759.37022922016	4546.28739265826	9305.65762187842
TCGA-E2-A1IL-01	3102.95604511089	1121.76893035201	4224.7249754629
TCGA-E2-A150-01	3013.30764253539	3233.19309018791	6246.50073272329
TCGA-BH-A0BO-01	4459.90275122415	3470.72564863358	7930.62839985773
TCGA-AO-A0J8-01	2889.66155342592	2849.36434694758	5739.0259003735
TCGA-E2-A576-01	1700.3254570736	1521.05802521837	3221.38348229197
TCGA-3C-AALK-01	3544.65726193221	2351.98291038529	5896.6401723175
TCGA-AR-A1AT-01	3063.83914653155	4441.4795242657	7505.31867079725
TCGA-A2-A1G4-01	1467.00956340969	1671.52231670619	3138.53188011588
TCGA-BH-A1F0-01	4708.41887444465	5659.10178844473	10367.5206628894
TCGA-A2-A0CS-01	3011.33854132006	2250.64841667958	5261.98695799964
TCGA-EW-A2FR-01	4749.30949899365	2742.15582198334	7491.46532097699
TCGA-A8-A09X-01	4003.53565633991	4432.52108488121	8436.05674122111
TCGA-BH-A203-01	2770.40170062227	3204.58995836138	5974.99165898365
TCGA-A2-A1FX-01	3299.62623446924	2482.91276588161	5782.53900035085
TCGA-BH-A1EX-01	3907.97417205855	3036.35986522102	6944.33403727957
TCGA-HN-A2NL-01	580.22634950014	2247.44047458294	2827.66682408308
TCGA-E2-A15M-11	4695.9283259544	2619.84002321859	7315.76834917299
TCGA-BH-A0C3-11	2903.33403223396	1993.00717491811	4896.34120715207
TCGA-E9-A1N9-11	3256.43903653662	1344.52732352948	4600.96636006611
TCGA-A2-A0SY-01	4227.33388705417	3533.14137157469	7760.47525862885
TCGA-A2-A0YT-01	1918.10329812546	1735.4114248409	3653.51472296636
TCGA-E2-A1IO-01	4367.08868812571	2991.19028343104	7358.27897155675
TCGA-B6-A400-01	2774.16526640392	3037.18849864157	5811.35376504549
TCGA-B6-A0IK-01	2134.06171147326	2141.86225913883	4275.92397061209
TCGA-B6-A0IO-01	1005.28569427961	1725.45975590444	2730.74545018405
TCGA-BH-A1FM-01	3365.13066487029	1378.73160237433	4743.86226724463
TCGA-E2-A3DX-01	4802.52838705131	4788.65532681585	9591.18371386716
TCGA-D8-A1J8-01	3368.98002032173	3965.67722272736	7334.65724304909
TCGA-A8-A09B-01	2771.00109467909	1549.07473530926	4320.07582998835
TCGA-A8-A09Z-01	1921.70604754631	3530.90881650091	5452.61486404722
TCGA-B6-A0IG-01	1783.58915446968	1360.61992128722	3144.2090757569
TCGA-A7-A6VV-01	3713.52427458248	3219.652973226	6933.17724780848
TCGA-BH-A1F8-01	2618.99296768977	1530.91046280473	4149.90343049449
TCGA-A2-A0CV-01	3631.60607519629	3045.90549862183	6677.51157381812
TCGA-B6-A0WS-01	3691.87173033143	3837.28169391972	7529.15342425115
TCGA-OL-A5RZ-01	1024.01738006597	750.575494084415	1774.59287415039
TCGA-BH-A1EV-01	2862.26184828306	1023.63494139963	3885.89678968268
TCGA-AR-A0TU-01	755.167239396486	3217.0661309083	3972.23337030478
TCGA-EW-A1IX-01	3988.78080062538	2342.76278225682	6331.54358288221
TCGA-E2-A15K-01	2712.37466135039	3550.01493424514	6262.38959559554
TCGA-GI-A2C8-11	2879.12558044491	805.849615425935	3684.97519587084
TCGA-AR-A1AR-01	4065.97282707134	4620.27632267753	8686.24914974887
TCGA-E9-A1R2-01	2671.49528276962	2108.39855798372	4779.89384075334
TCGA-E2-A1B6-01	2143.59985984963	6383.14319693582	8526.74305678545
TCGA-AC-A5XS-01	3463.41279692791	4080.41802877654	7543.83082570444
TCGA-AQ-A1H2-01	1663.03723821669	1891.93911136613	3554.97634958282
TCGA-AR-A1AO-01	5098.23748410823	6152.23742880867	11250.4749129169
TCGA-E2-A15H-01	2186.19327606484	1145.74480370305	3331.93807976789
TCGA-B6-A0WZ-01	1860.52258216842	788.262868169832	2648.78545033825
TCGA-GM-A2DD-01	4319.63310685843	5384.0988193772	9703.73192623563
TCGA-AR-A1AV-01	2538.14419236442	1541.72038775052	4079.86458011495
TCGA-C8-A12P-01	3525.58918719061	2593.3878878342	6118.97707502481
TCGA-AN-A0XN-01	5047.42809877073	3699.86902597935	8747.29712475008
TCGA-AN-A0AL-01	3613.56477336279	3616.47103396375	7230.03580732655
TCGA-C8-A12X-01	2142.3054157985	1861.70709799311	4004.01251379162
TCGA-BH-A0DP-11	2716.36039068793	1503.30836459588	4219.66875528382
TCGA-AO-A03T-01	1571.42693233425	2338.20644016325	3909.6333724975
TCGA-GI-A2C9-01	2587.28983235505	2301.36259303466	4888.6524253897
TCGA-BH-A1FU-01	4191.70496471536	3136.72540939038	7328.43037410574
TCGA-E9-A226-01	3350.01845891546	1257.14289792233	4607.16135683779
TCGA-A8-A095-01	2606.7015229334	1810.97909435648	4417.68061728988
TCGA-E2-A2P6-01	2126.7514413663	2047.96233204406	4174.71377341036
TCGA-E2-A158-01	-163.745651623364	639.072165918112	475.326514294747
TCGA-C8-A137-01	2123.79029954162	390.673764877072	2514.46406441869
TCGA-BH-A0DD-01	1953.98367403662	1572.82058046083	3526.80425449745
TCGA-A2-A259-01	3473.81381020409	2988.62908886375	6462.44289906784
TCGA-BH-A0BV-11	3360.80205692973	792.577306285772	4153.3793632155
TCGA-BH-A0RX-01	4283.43562493712	5311.49544520682	9594.93107014394
TCGA-E9-A1RA-01	2653.31814228538	2127.19192757402	4780.51006985939
TCGA-EW-A1PA-01	2604.2470321167	1947.57039242544	4551.81742454214
TCGA-A8-A07R-01	938.723724908592	1104.63580412725	2043.35952903584
TCGA-C8-A8HQ-01	3757.47123224269	3279.88460786439	7037.35584010707
TCGA-E9-A24A-01	4007.45315391053	3475.05244365361	7482.50559756414
TCGA-BH-A204-01	2441.74484272619	559.278102358947	3001.02294508513
TCGA-A2-A0EN-01	4835.40870101252	5106.95315899179	9942.36186000431
TCGA-B6-A40B-01	2659.62770017481	1792.65205217947	4452.27975235428
TCGA-A8-A094-01	3301.08874795227	4107.48973330919	7408.57848126146
TCGA-A2-A0D1-01	1423.83734789559	659.062709267087	2082.90005716267
TCGA-A7-A13F-11	4414.38176794073	2584.8525513438	6999.23431928453
TCGA-PL-A8LV-01	1933.15684775496	2975.88727246231	4909.04412021728
TCGA-AN-A0FD-01	3664.20765937627	2365.48939213284	6029.6970515091
TCGA-A7-A0CD-01	2168.16095931098	905.411107673668	3073.57206698465
TCGA-A1-A0SD-01	3690.36712432302	2181.53471745246	5871.90184177548
TCGA-BH-A0BJ-01	3650.24129700087	2620.45667287677	6270.69796987764
TCGA-A8-A08J-01	3291.7509544864	2215.01677997647	5506.76773446287
TCGA-E2-A1IN-01	3812.45817967718	1554.21220894667	5366.67038862384
TCGA-BH-A0BD-01	3526.21472017979	3367.05778799654	6893.27250817633
TCGA-BH-A18U-01	2901.40477926414	2276.10042289357	5177.50520215771
TCGA-A1-A0SM-01	3582.74922243525	2263.27436216325	5846.0235845985
TCGA-A8-A09I-01	2985.4958166029	3346.01551077681	6331.51132737971
TCGA-D8-A1JF-01	3438.25533674575	2362.85134806517	5801.10668481092
TCGA-E9-A5UP-01	-356.348220006093	1668.04627826587	1311.69805825977
TCGA-E2-A1IH-01	4896.16634399165	4894.91219084794	9791.07853483959
TCGA-PE-A5DD-01	3144.15226215265	2783.08287340316	5927.23513555581
TCGA-AO-A03N-01	2542.8757066161	1233.85806666001	3776.73377327611
TCGA-AR-A1AH-01	1211.97101849246	581.015092716747	1792.98611120921
TCGA-AO-A0JI-01	1054.98759746019	1132.77148625894	2187.75908371914
TCGA-OL-A97C-01	2720.14413803815	2532.98134757265	5253.12548561081
TCGA-AR-A250-01	4296.13197034802	3129.71073862599	7425.84270897401
TCGA-BH-A0HQ-01	3085.75633508441	1500.83250850553	4586.58884358995
TCGA-JL-A3YW-01	4756.76308271801	4437.65763188084	9194.42071459885
TCGA-AC-A3YI-01	4056.49427278131	2726.39050393838	6782.88477671969
TCGA-C8-A12U-01	539.855481129429	2726.4928731767	3266.34835430613
TCGA-AO-A0JL-01	1909.63638488657	1172.43074355734	3082.06712844391
TCGA-AO-A0JF-01	4966.99735426553	3441.72657593118	8408.7239301967
TCGA-BH-A1F8-11	4104.58252815821	2263.10885254832	6367.69138070652
TCGA-EW-A1P6-01	2966.90269830508	1252.85282721379	4219.75552551887
TCGA-A2-A3XZ-01	2228.75885088072	4639.98221882807	6868.74106970879
TCGA-BH-A0C1-01	3359.12395113373	2872.17556034626	6231.29951147998
TCGA-BH-A0AV-01	4135.93128191714	2474.59753552641	6610.52881744356
TCGA-D8-A1JD-01	3993.4603502596	2844.06585725298	6837.52620751258
TCGA-A2-A4RW-01	3272.07961012202	2239.41910923141	5511.49871935344
TCGA-AC-A2FO-01	4188.68192964112	4184.5944700569	8373.27639969801
TCGA-AR-A2LN-01	4563.54120231941	2943.82256777464	7507.36377009405
TCGA-E2-A1BD-01	2559.29475022762	1361.55675128745	3920.85150151507
TCGA-BH-A18J-11	3340.93860535443	2159.40773598078	5500.34634133521
TCGA-S3-AA14-01	3307.38002524893	1312.67139012171	4620.05141537064
TCGA-A8-A07L-01	2347.88110485432	761.172397222064	3109.05350207638
TCGA-LL-A5YN-01	2458.77545468587	5533.11027674106	7991.88573142693
TCGA-AR-A24R-01	2697.01598014939	2519.42459129703	5216.44057144642
TCGA-BH-A0DH-01	2294.96452092765	2145.36159261256	4440.32611354021
TCGA-D8-A1XT-01	4079.80031860746	2971.81295162882	7051.61327023628
TCGA-EW-A1IY-01	4087.98362080816	4079.34679416818	8167.33041497634
TCGA-A7-A4SE-01	3321.32454492138	2087.56222557199	5408.88677049337
TCGA-A2-A1FW-01	2616.08458978275	1246.21854238348	3862.30313216623
TCGA-E2-A155-01	1145.28315708661	441.358081057786	1586.6412381444
TCGA-B6-A3ZX-01	2518.3087437617	5740.08205780372	8258.39080156542
TCGA-EW-A1PB-01	2181.53252528073	5684.51923422011	7866.05175950083
TCGA-A7-A425-01	3398.32673002833	3036.94189484935	6435.26862487768
TCGA-LL-A9Q3-01	2485.24133355579	2846.94579470675	5332.18712826254
TCGA-AN-A0FJ-01	2394.67724478399	1486.72854715955	3881.40579194354
TCGA-AN-A03Y-01	2143.28498419769	2234.91919418715	4378.20417838484
TCGA-E2-A15M-01	5129.82523391344	4864.81242464049	9994.63765855393
TCGA-OL-A66J-01	3458.74016897288	2145.19021630159	5603.93038527447
TCGA-AN-A04D-01	33.0714032949138	-31.9347502219042	1.13665307300961
TCGA-A8-A08I-01	2169.15006859798	5133.00225783414	7302.15232643212
TCGA-B6-A40C-01	3386.13809601087	2444.81274541232	5830.95084142319
TCGA-A8-A08F-01	3556.86742054242	3976.62881936451	7533.49623990693
TCGA-BH-A0B3-01	3172.14915798878	3742.1697421127	6914.31890010147
TCGA-AO-A12G-01	3345.05336283688	2126.98189703937	5472.03525987625
TCGA-AC-A6IX-06	2290.59598483493	4570.89048266998	6861.48646750491
TCGA-BH-A1FJ-11	4616.71153460838	2598.74586839639	7215.45740300477
TCGA-AQ-A04J-01	3882.47199387261	4665.16898994396	8547.64098381657
TCGA-C8-A1HM-01	2048.07031672742	5145.55322417454	7193.62354090196
TCGA-A2-A3XX-01	2163.29940898059	2691.08052707139	4854.37993605198
TCGA-BH-A203-11	3217.40751018295	1577.8923350042	4795.29984518714
TCGA-EW-A1P1-01	5093.38740554163	4018.40898044206	9111.79638598369
TCGA-A2-A0YM-01	2400.04542723557	3334.73199730387	5734.77742453944
TCGA-E9-A3X8-01	3633.06536450208	3890.22328744359	7523.28865194567
TCGA-A8-A08Z-01	4736.81999107325	3504.59743414175	8241.417425215
TCGA-D8-A27F-01	2929.95924746923	1793.69824417041	4723.65749163964
TCGA-AN-A041-01	3467.96677989445	1865.42471634129	5333.39149623574
TCGA-AR-A0U3-01	1312.10236589408	1678.11653831804	2990.21890421212
TCGA-A2-A0CL-01	4601.41108161333	6212.41629810824	10813.8273797216
TCGA-LL-A5YP-01	4092.02923238389	3094.56569269277	7186.59492507667
TCGA-AC-A3EH-01	2352.02387788093	1912.77353612347	4264.7974140044
TCGA-AN-A04C-01	1529.79592648584	2071.6503913454	3601.44631783124
TCGA-E9-A1RC-01	1775.19492766204	401.059648582821	2176.25457624486
TCGA-AC-A2FK-01	2970.78982121853	2392.87605199502	5363.66587321354
TCGA-D8-A1XB-01	3529.92578748612	1250.45506731944	4780.38085480556
TCGA-A2-A0D3-01	1617.87343443951	2182.06258859807	3799.93602303758
TCGA-E2-A152-01	3774.12453192588	2276.32505076253	6050.44958268841
TCGA-GM-A3NY-01	2174.05693369674	1691.01000969905	3865.06694339579
TCGA-AC-A2B8-01	4344.9131786526	3417.06862590633	7761.98180455894
TCGA-E2-A1B0-01	3291.79521034142	2881.27247065269	6173.06768099412
TCGA-BH-A1EU-01	4774.47568890104	4500.57878011781	9275.05446901885
TCGA-E2-A1L7-11	3788.29947882171	3222.71946236456	7011.01894118626
TCGA-AR-A1AK-01	4068.82763515066	4219.90558288334	8288.73321803401
TCGA-E9-A2JS-01	2363.71721962249	1411.61478448493	3775.33200410742
TCGA-GM-A5PV-01	900.940391169051	2192.10365315465	3093.04404432371
TCGA-BH-A1F6-11	5211.7034738895	2826.48173870897	8038.18521259847
TCGA-AQ-A54O-01	1568.3481704062	2158.18863894663	3726.53680935283
TCGA-AC-A6IX-01	4075.20607612135	2980.17470529956	7055.38078142091
TCGA-C8-A1HK-01	1626.96948919616	1610.01957294007	3236.98906213623
TCGA-AN-A0FL-01	971.548704858587	931.831147355809	1903.3798522144
TCGA-BH-A1FN-01	2690.87408666011	1613.63303172656	4304.50711838667
TCGA-A2-A25E-01	2373.9815908482	1408.18312841075	3782.16471925895
TCGA-A2-A0YC-01	3351.44336013175	2430.39835897007	5781.84171910182
TCGA-A8-A09V-01	3016.48228346138	837.522078538757	3854.00436200014
TCGA-A2-A0CT-01	1731.67675162313	1197.40485827542	2929.08160989856
TCGA-E9-A22E-01	5263.57350727244	3403.68297026702	8667.25647753946
TCGA-BH-A18Q-01	2262.08475154305	2730.62581507821	4992.71056662126
TCGA-A2-A1FV-01	2271.39474415312	203.917143896513	2475.31188804963
TCGA-AO-A03L-01	3412.57328837647	2640.58206232491	6053.15535070138
TCGA-E2-A15E-06	1067.17580321883	2378.78310576398	3445.9589089828
TCGA-BH-A1ES-06	582.317698456101	735.245226834103	1317.5629252902
TCGA-B6-A0WV-01	724.516577723098	-290.480934974439	434.035642748659
TCGA-AN-A0XW-01	4836.15044249649	4500.51437159467	9336.66481409116
TCGA-AC-A23G-01	5081.66409985486	3303.06746749269	8384.73156734755
TCGA-AC-A3QQ-01	2399.93594285146	2849.79013879017	5249.72608164163
TCGA-EW-A1P8-01	2573.45891484478	3786.86586792117	6360.32478276596
TCGA-B6-A0I2-01	1348.41468869229	4780.52317928433	6128.93786797662
TCGA-A2-A0CX-01	3887.26823079529	3181.84895185302	7069.11718264831
TCGA-B6-A0RI-01	3285.77084891218	2000.73904686875	5286.50989578093
TCGA-B6-A0WX-01	3773.41216067384	2904.23340770244	6677.64556837628
TCGA-BH-A42U-01	3336.55150438979	3581.89268273446	6918.44418712425
TCGA-A8-A09G-01	2407.7424178072	3264.42012881707	5672.16254662427
TCGA-C8-A26W-01	3260.53027860827	3237.86803043468	6498.39830904294
TCGA-E2-A1LH-11	1266.00057081359	2029.77006049686	3295.77063131046
TCGA-AO-A03M-01	2723.56459021664	4003.13949999916	6726.7040902158
TCGA-E2-A1LB-01	2637.04354435957	1454.08589938811	4091.12944374767
TCGA-BH-A0DX-01	4391.86985858201	3565.16937662327	7957.03923520527
TCGA-AC-A6NO-01	1750.71691622024	993.7728249968	2744.48974121704
TCGA-EW-A1J5-01	3110.26777348134	4108.30764558106	7218.5754190624
TCGA-AN-A0XV-01	3477.45667607082	2341.70460469309	5819.1612807639
TCGA-BH-A1F5-01	2206.83355740673	852.08409985267	3058.9176572594
TCGA-A8-A07I-01	3907.06419334049	2915.79958003226	6822.86377337275
TCGA-C8-A12W-01	3798.19309654974	2768.0547703567	6566.24786690644
TCGA-AC-A8OQ-01	3687.20659790265	3944.91472282787	7632.12132073051
TCGA-A7-A4SF-01	1699.79851524573	1950.24031667037	3650.0388319161
TCGA-BH-A0BZ-11	4820.90161056371	2961.00972307483	7781.91133363854
TCGA-EW-A6SC-01	3772.22220715219	2740.26713930452	6512.48934645671
TCGA-AO-A1KR-01	296.332188429176	1953.26486392832	2249.59705235749
TCGA-EW-A1PD-01	3581.56551143481	1533.70014650879	5115.2656579436
TCGA-EW-A1PC-01	1266.69925519236	760.795248670723	2027.49450386309
TCGA-E2-A10B-01	3134.10192932874	2204.23658438145	5338.33851371018
TCGA-AR-A0TQ-01	2655.92840370734	3505.36693149556	6161.29533520289
TCGA-A2-A0EX-01	3744.6273647627	2240.386567932	5985.0139326947
TCGA-E2-A14N-01	928.61655811497	2782.02676118363	3710.6433192986
TCGA-5L-AAT0-01	3821.98501347792	3483.02294311683	7305.00795659475
TCGA-AR-A1AN-01	4074.0098942979	2517.34999569307	6591.35988999096
TCGA-D8-A1X5-01	3383.37786338913	2801.09234249152	6184.47020588065
TCGA-A2-A1G6-01	3145.11666034234	2318.48180260111	5463.59846294345
TCGA-A2-A04T-01	1719.62001397511	3352.34216853947	5071.96218251459
TCGA-B6-A0IJ-01	1818.9923517197	4753.38271429875	6572.37506601845
TCGA-AR-A256-01	1981.29404382976	2130.37065147742	4111.66469530718
TCGA-A7-A3J1-01	3724.94720212347	4327.84063647954	8052.78783860301
TCGA-C8-A12O-01	4115.87340415189	3018.00975570315	7133.88315985504
TCGA-E9-A249-01	1617.9540521509	1609.73865326429	3227.69270541519
TCGA-UL-AAZ6-01	557.766655254047	1263.27536657352	1821.04202182757
TCGA-A8-A08R-01	3109.21952356777	3930.45326955142	7039.67279311919
TCGA-A2-A0T4-01	4242.08993611095	3421.37266881228	7663.46260492323
TCGA-BH-A0AZ-01	4882.53930390574	2629.11601120624	7511.65531511198
TCGA-AO-A03U-01	4126.54813630628	4915.91570554708	9042.46384185336
TCGA-A2-A0CO-01	4143.50905394827	4651.30161752555	8794.81067147382
TCGA-D8-A1JE-01	4519.98163087625	2827.4778477512	7347.45947862745
TCGA-A7-A0D9-11	5158.38608804629	3762.87988105325	8921.26596909954
TCGA-BH-A0H0-01	1266.83596952598	997.931577971319	2264.7675474973
TCGA-AR-A5QP-01	3013.978231385	1902.88697146599	4916.86520285098
TCGA-D8-A27R-01	3263.04185197082	2913.87363801731	6176.91548998814
TCGA-C8-A278-01	4157.12917434137	4367.27332671459	8524.40250105596
TCGA-A7-A13G-01	1599.89586043155	574.074742941755	2173.97060337331
TCGA-BH-A0DL-11	4349.73534609024	3367.77409949452	7717.50944558476
TCGA-A8-A079-01	1519.88422916377	1842.02760864464	3361.91183780841
TCGA-A2-A0EP-01	5492.72126095573	6769.36055000352	12262.0818109593
TCGA-A2-A0T0-01	2670.53236157588	2287.2067404982	4957.73910207408
TCGA-D8-A27I-01	4485.01877108712	3553.14817900425	8038.16695009138
TCGA-BH-A0EI-01	3470.42692862791	984.935127532727	4455.36205616064
TCGA-E2-A15A-01	3161.28170710528	2963.41042429348	6124.69213139876
TCGA-BH-A0DT-11	2644.81041175624	775.941162660576	3420.75157441681
TCGA-AC-A2FM-01	1775.43421475877	534.769271212631	2310.20348597141
TCGA-BH-A1EY-01	4349.97553950827	4018.75866216294	8368.73420167122
TCGA-AN-A0FT-01	3287.67787051475	2394.50576415114	5682.18363466589
TCGA-E9-A1NF-01	5131.91431424221	2835.16398209204	7967.07829633425
TCGA-BH-A0B6-01	3976.51733423986	6026.41798670108	10002.9353209409
TCGA-C8-A130-01	2948.58231998208	1777.52486838776	4726.10718836985
TCGA-A2-A0ER-01	1846.75123293614	1810.15412056967	3656.90535350581
TCGA-A2-A0EQ-01	2777.69117530074	5355.71393778557	8133.40511308632
TCGA-D8-A1XL-01	2358.18843242538	4117.10371073942	6475.2921431648
TCGA-C8-A12N-01	3820.87362098598	2628.93237339695	6449.80599438293
TCGA-GM-A2DO-01	2349.27855267606	6781.63748807001	9130.91604074607
TCGA-A8-A0AD-01	3697.37057173622	2893.59619263902	6590.96676437523
TCGA-Z7-A8R5-01	3040.65180980541	3967.30255650983	7007.95436631524
TCGA-A8-A07S-01	2381.86211110824	1770.28390101626	4152.1460121245
TCGA-BH-A0DD-11	5072.72321870863	3019.15506518158	8091.87828389021
TCGA-BH-A0HI-01	3296.54776627971	2232.14188552205	5528.68965180176
TCGA-AN-A0FV-01	2847.46578398708	1118.62600849137	3966.09179247846
TCGA-AC-A23E-01	4877.42859638387	2744.68678828005	7622.11538466392
TCGA-AQ-A7U7-01	4935.07691097435	5845.46423212539	10780.5411430997
TCGA-C8-A26X-01	4229.25699476799	5112.09609648029	9341.35309124828
TCGA-D8-A1XJ-01	2693.63825813072	1515.06169035606	4208.69994848678
TCGA-A8-A08X-01	4002.89410119986	3762.23896129218	7765.13306249204
TCGA-B6-A1KN-01	2659.02175213426	1813.4541149224	4472.47586705666
TCGA-AR-A1AM-01	3258.27927148082	2499.05287698985	5757.33214847067
TCGA-A2-A4S0-01	1094.40568441063	851.059297234013	1945.46498164464
TCGA-AO-A1KP-01	1042.57377469024	49.7965234014433	1092.37029809169
TCGA-EW-A1OX-01	-360.285460927191	-796.516703424568	-1156.80216435176
TCGA-BH-A0B2-11	4481.96710074703	2531.13825936968	7013.10536011672
TCGA-E9-A1NC-01	3415.81585437409	4369.27984126953	7785.09569564362
TCGA-LL-A740-01	3796.29527383174	2563.67310862058	6359.96838245232
TCGA-BH-A0C3-01	4564.64674726802	3497.45228089328	8062.09902816129
TCGA-BH-A0H9-01	1922.9011708965	1301.68719979427	3224.58837069077
TCGA-D8-A1X8-01	3642.238058759	2975.0841945739	6617.32225333291
TCGA-E9-A22A-01	4957.58150383331	4169.21833465336	9126.79983848666
TCGA-AR-A1AI-01	1746.70780672153	4556.25110881978	6302.95891554131
TCGA-AC-A2BK-01	-439.583233632436	185.602268372481	-253.980965259955
TCGA-A7-A13H-01	3415.73603399763	4055.02306728242	7470.75910128004
TCGA-LL-A6FQ-01	1860.02084094794	2292.25521385198	4152.27605479992
TCGA-C8-A1HO-01	1853.03049843047	939.912603012468	2792.94310144293
TCGA-D8-A1XO-01	3945.49138463403	2683.84159129177	6629.3329759258
TCGA-E2-A1LE-01	4170.65456481337	3952.73889862798	8123.39346344135
TCGA-E2-A15J-01	1410.77322194429	1101.6601669536	2512.43338889789
TCGA-A7-A0DB-01	3580.29384849901	2651.46223562278	6231.75608412179
TCGA-BH-A1FE-01	4175.86433295696	4019.17550592511	8195.03983888207
TCGA-D8-A27G-01	3841.65755508376	3120.18939461345	6961.84694969721
TCGA-BH-A42T-01	2622.19848979725	2699.82671835303	5322.02520815028
TCGA-AN-A0FY-01	2798.0429157906	1339.70047182293	4137.74338761353
TCGA-BH-A18K-11	2943.39960583199	1031.41007863663	3974.80968446862
TCGA-B6-A0X5-01	1107.99235136141	674.60766443098	1782.60001579239
TCGA-A2-A0YK-01	4468.59338546168	5000.63415050127	9469.22753596295
TCGA-A7-A0CG-01	4329.58782788335	3849.92152870946	8179.50935659281
TCGA-AN-A0FW-01	2791.93566908727	1755.16722961812	4547.10289870539
TCGA-D8-A27P-01	2329.4281689821	1055.24593923447	3384.67410821657
TCGA-BH-A0DS-01	3420.99584830288	3192.34082705367	6613.33667535655
TCGA-E2-A1L6-01	2873.23423482082	2091.71987335396	4964.95410817478
TCGA-BH-A0DG-01	4508.84028061458	3409.54867208304	7918.38895269763
TCGA-A2-A0CP-01	3784.68006851427	2006.40956236139	5791.08963087566
TCGA-BH-A5IZ-01	1302.68744523528	1875.78414524995	3178.47159048524
TCGA-A8-A09W-01	3329.9054235108	2413.27759941735	5743.18302292815
TCGA-E2-A107-01	1085.5792438978	1286.7409789136	2372.3202228114
TCGA-AR-A252-01	4474.54837053178	5534.78749500628	10009.3358655381
TCGA-C8-A12Z-01	1856.63414570141	956.198334734696	2812.83248043611
TCGA-BH-A202-01	3034.61568904646	3232.53079286272	6267.14648190918
TCGA-AO-A1KT-01	3262.1666741056	2294.90456331207	5557.07123741768
TCGA-D8-A1XW-01	4132.56713054873	3987.42782034637	8119.9949508951
TCGA-D8-A1JU-01	5219.05859008636	3248.90403631008	8467.96262639644
TCGA-E9-A1N5-01	4104.75151671333	3227.15494813187	7331.9064648452
TCGA-A2-A4S1-01	4475.59719954405	4688.80639456121	9164.40359410526
TCGA-E2-A1IG-11	4284.55941773844	2422.69766043087	6707.25707816931
TCGA-E2-A153-01	4623.7243121236	2679.22621115118	7302.95052327477
TCGA-A2-A0YG-01	1809.55028050546	1562.23825315137	3371.78853365683
TCGA-BH-A0B7-01	3993.40884248475	4326.00694618003	8319.41578866478
TCGA-D8-A1X6-01	2358.96564854633	2987.2877071886	5346.25335573493
TCGA-BH-A0BL-01	4786.74438022634	4365.70935513864	9152.45373536498
TCGA-BH-A0DO-01	2365.33184595461	1203.08954600165	3568.42139195626
TCGA-A2-A04Q-01	3853.23241259309	6277.75210449464	10130.9845170877
TCGA-BH-A0B5-11	4251.86262184517	2169.25349074754	6421.11611259271
TCGA-BH-A1FE-06	4148.54844918069	2307.69704597101	6456.24549515171
TCGA-E9-A1NI-01	3225.34510236103	1596.08840968527	4821.4335120463
TCGA-BH-A0HY-01	2578.81012130928	906.951667109163	3485.76178841844
TCGA-AR-A24T-01	4657.46387270657	2686.75740132457	7344.22127403115
TCGA-E9-A1NF-11	5637.01769698975	4222.60299025628	9859.62068724603
TCGA-AO-A0JA-01	4218.27688495477	2891.71608705124	7109.99297200601
TCGA-D8-A1XZ-01	3198.83525648859	2693.74134698571	5892.5766034743
TCGA-A7-A13E-11	5381.07980182528	3337.04174492591	8718.12154675119
TCGA-C8-A8HP-01	2854.44295832994	4352.63950649284	7207.08246482278
TCGA-E9-A5FL-01	2552.41476194792	2280.91429662782	4833.32905857574
TCGA-AC-A2FB-11	4846.62721003033	3568.34249532114	8414.96970535147
TCGA-E2-A15F-01	1948.72938018396	1714.87270501004	3663.602085194
TCGA-A2-A3XT-01	2584.73792063826	4313.97331025113	6898.7112308894
TCGA-B6-A0X7-01	3183.63584746262	1111.84774618841	4295.48359365103
TCGA-BH-A1EV-11	4307.08550083315	2615.98055336361	6923.06605419676
TCGA-3C-AALJ-01	2880.66158032632	3244.58828871748	6125.2498690438
TCGA-B6-A0X1-01	980.601398359388	3222.95063451738	4203.55203287677
