module	axis	source
MIRACLE/make_miracle_figures.py	subtype	auto
ago_gate.py	edge-existence	auto
analyses/architecture/geneset_architecture.py	edge-existence	auto
analyses/builders/_build_depmap_dependency.py	external	auto
analyses/builders/_build_meth_chunked.py	shared	fallback
analyses/builders/_build_tf_census.py	shared	fallback
analyses/cnv_locus/ccle_breast_target_anticorr.py	subtype	auto
analyses/cnv_locus/ccle_cn_expr_subtype_depth.py	external	auto
analyses/cnv_locus/ccle_mirna_cn_concordance.py	external	auto
analyses/cnv_locus/cell_line_subtype_fidelity.py	subtype	auto
analyses/cnv_locus/cn_dosage_attribution.py	cn-causal	auto
analyses/cnv_locus/mirna_cnv_genome_maps.py	subtype	auto
analyses/cnv_locus/mirna_cnv_subtype_depth.py	cn-causal	auto
analyses/cnv_locus/mirna_locus_chr19_megacluster_gallery.py	shared	fallback
analyses/cnv_locus/mirna_locus_genome_dispersion.py	subtype	auto
analyses/cnv_locus/mirna_locus_sv_case_plots.py	shared	fallback
analyses/cnv_locus/mirna_locus_sv_overlap.py	outcome	auto
analyses/cnv_locus/sc_mirna_target_k562.py	edge-existence	auto
analyses/cptac/composition_pinpoint_lineage.py	model	auto
analyses/cptac/composition_pinpoint_report.py	protein	auto
analyses/cptac/cptac_acquired_pressure.py	protein	auto
analyses/cptac/cptac_orphan_confound_pilot.py	protein	auto
analyses/cptac/cptac_orphan_discovery.py	protein	auto
analyses/cptac/cptac_orphan_evidence_table.py	protein	auto
analyses/cptac/cptac_resid_survivors.py	protein	auto
analyses/cptac/cptac_target_specificity.py	protein	auto
analyses/cross_state/cross_state_coupling.py	progression	auto
analyses/cross_state/cross_state_deep_dive.py	progression	auto
analyses/cross_state/cross_state_expression_panels.py	subtype	auto
analyses/cross_state/cross_state_landscape.py	progression	auto
analyses/dcis_ev/dcis_caf_nf_gse37527.py	protein	auto
analyses/dcis_ev/dcis_caf_tgfb_gse196354.py	dcis-ev	auto
analyses/dcis_ev/dcis_ev_progression.py	progression	auto
analyses/dcis_ev/dcis_geo_loader.py	dcis-ev	auto
analyses/dcis_ev/dcis_htan_compartment.py	dcis-ev	auto
analyses/dcis_ev/dcis_lcm_compartment_gse162670.py	dcis-ev	auto
analyses/dcis_ev/dcis_mir29c_gse93740.py	dcis-ev	auto
analyses/dcis_ev/dcis_mrna_coupling.py	dcis-ev	auto
analyses/dcis_ev/dcis_orphan_rigor.py	discovery	auto
analyses/dcis_ev/dcis_risom_outcome_niche.py	dcis-ev	auto
analyses/dcis_ev/dcis_timing.py	dcis-ev	auto
analyses/dcis_ev/ev_mirna_301a_target_depth.py	subtype	auto
analyses/dcis_ev/ev_mirna_deep.py	discovery	auto
analyses/dcis_ev/ev_mirna_followup.py	dcis-ev	auto
analyses/dcis_ev/ev_mirna_gse255660_screen.py	discovery	auto
analyses/dcis_ev/ev_mirna_gse270497_ts.py	dcis-ev	auto
analyses/dcis_ev/ev_mirna_multi_cohort.py	dcis-ev	auto
analyses/dcis_ev/ev_mirna_replication.py	dcis-ev	auto
analyses/dcis_ev/ev_mirna_screening.py	dcis-ev	auto
analyses/dcis_ev/ev_mirna_ts_pressure.py	dcis-ev	auto
analyses/edge_panels/edge_acquired_pressure_panels.py	progression	auto
analyses/edge_panels/edge_breast_context.py	edge-existence	auto
analyses/edge_panels/edge_partial_corr_panels.py	edge-existence	auto
analyses/edge_panels/edge_pressure_panels.py	subtype	auto
analyses/edge_panels/edge_pressure_vs_corr_scatter.py	edge-existence	auto
analyses/edge_panels/edge_prior_refinement.py	shared	fallback
analyses/edge_panels/edge_transition_pressure_panels.py	progression	auto
analyses/evidence_dev/encori_evidence_sensitivity.py	shared	fallback
analyses/evidence_dev/encori_mirtar_comparison.py	shared	fallback
analyses/evidence_dev/encori_share_sensitivity.py	shared	fallback
analyses/evidence_dev/evidence_scoring_sensitivity.py	edge-existence	auto
analyses/evidence_dev/fetch_encori_mrna.py	protein	auto
analyses/evidence_dev/orphan_noncircular_report.py	discovery	auto
analyses/evidence_dev/orphan_noncircular_test.py	discovery	auto
analyses/evidence_dev/orphan_noncircular_universe.py	discovery	auto
analyses/figures/make_grant_figure.py	subtype	auto
analyses/figures/make_seed_grant_figures.py	subtype	auto
analyses/mir301/mir301_family_depth.py	discovery	auto
analyses/mir301/mir301_focus_genes.py	discovery	auto
analyses/misc/_oof_arm_vs_family_eiv.py	edge-existence	auto
analyses/misc/_oof_arm_vs_family_eiv2.py	shared	fallback
analyses/misc/_oof_arm_vs_family_eiv3.py	shared	fallback
analyses/misc/compartment_annotate_network.py	edge-existence	auto
analyses/misc/concordance_target_join.py	shared	fallback
analyses/misc/decoupling_validation.py	edge-existence	auto
analyses/misc/escape_mechanism.py	edge-existence	auto
analyses/misc/gene_expression_explainability.py	subtype	auto
analyses/misc/gene_force_concentration.py	edge-existence	auto
analyses/misc/genome_wide_promiscuity.py	shared	fallback
analyses/misc/genomewide_promiscuity.py	attribution	auto
analyses/misc/hub_gene_methylation.py	shared	fallback
analyses/misc/mir301_family_network.py	decoy	auto
analyses/misc/mirna_comovement.py	progression	auto
analyses/misc/nat_tumor_umap.py	progression	auto
analyses/misc/spine_claim_audit.py	subtype	auto
analyses/misc/target_combined_anticorr.py	edge-existence	auto
analyses/nmf/nmf_advanced.py	edge-existence	auto
analyses/nmf/nmf_sample_signatures.py	subtype	auto
analyses/nmf/within_pathway_nmf.py	attribution	auto
analyses/nmf/within_subtype_signatures.py	subtype	auto
analyses/ops/axis_bootstrap.py	discovery	auto
analyses/ops/gen_architecture.py	shared	fallback
analyses/ops/rerun_normal_excluded_batch.py	discovery	auto
analyses/ops/rerun_parallel.py	progression	auto
analyses/outcome/outcome_advanced.py	edge-existence	auto
analyses/outcome/outcome_buffa_pressure.py	external	auto
analyses/outcome/outcome_escape_signature.py	external	auto
analyses/outcome/outcome_extra_axes.py	outcome	auto
analyses/outcome/outcome_famous_compare.py	model	auto
analyses/outcome/outcome_famous_mirnas.py	edge-existence	auto
analyses/outcome/outcome_metabric.py	external	auto
analyses/outcome/outcome_mir200_deepdive.py	model	auto
analyses/outcome/outcome_pressure_survival.py	outcome	auto
analyses/outcome/outcome_pressure_variants.py	outcome	auto
analyses/outcome/outcome_program_role_topology.py	outcome	auto
analyses/outcome/outcome_subtype.py	outcome	auto
analyses/outcome/outcome_survival.py	outcome	auto
analyses/pressure_dev/build_highconf_pressure.py	edge-existence	auto
analyses/pressure_dev/denominator_attribution_sweep.py	attribution	auto
analyses/pressure_dev/hybrid_param_sensitivity.py	subtype	auto
analyses/pressure_dev/pressure_attribution_validation.py	attribution	auto
analyses/pressure_dev/pressure_constant_sensitivity.py	edge-existence	auto
analyses/pressure_dev/pressure_evidence_sensitivity.py	shared	fallback
analyses/pressure_dev/pressure_layer_comparison.py	edge-existence	auto
analyses/pressure_dev/pressure_prognostic_gene_centric.py	outcome	auto
analyses/pressure_dev/pressure_prognostic_improve.py	external	auto
analyses/pressure_dev/pressure_prognostic_signature.py	progression	auto
analyses/pressure_dev/pressure_sensitivity.py	edge-existence	auto
analyses/pressure_dev/program_pressure_by_role.py	progression	auto
analyses/spatial/_spatial_selftest.py	edge-existence	auto
analyses/spatial/spatial_coexpression_niche.py	shared	fallback
analyses/spatial/spatial_common.py	edge-existence	auto
analyses/spatial/spatial_deconv_c2l.py	shared	fallback
analyses/spatial/spatial_malignancy_retest.py	dcis-ev	auto
analyses/spatial/spatial_mibi_anchor.py	protein	auto
analyses/spatial/spatial_synthesis.py	edge-existence	auto
analyses/spatial/spatial_visium_public.py	shared	fallback
analyses/spatial/spatial_visium_wu.py	dcis-ev	auto
analyses/spatial/spatial_xenium.py	model	auto
arm_expression.py	shared	curated
brca_deconvolution.py	shared	curated
build_edges.py	shared	curated
config.py	shared	curated
coupling_inference.py	edge-existence	auto
coupling_predictor_comparison.py	edge-existence	auto
cptac_batch.py	shared	curated
data_loaders.py	shared	curated
dual_spine_comparison.py	shared	fallback
encori_edges.py	shared	curated
estimate_scores.py	shared	curated
eval/_e6_production_check.py	discovery	auto
eval/_niter_bias_test.py	model	auto
eval/_niter_floor_test.py	model	auto
eval/_share_drift_check.py	model	auto
eval/attribution_showdown.py	attribution	auto
eval/buffa_validation.py	protein	auto
eval/core_coupling_composition_retest.py	edge-existence	auto
eval/core_coupling_deconv_retest.py	edge-existence	auto
eval/coupling_grid.py	protein	auto
eval/coupling_permutation.py	edge-existence	auto
eval/cptac_validation.py	protein	auto
eval/decoy_bench.py	decoy	auto
eval/grid_full.py	protein	auto
eval/grid_oof.py	model	auto
eval/held_out_tuning.py	edge-existence	auto
eval/protein_compartment_null.py	protein	auto
eval/site_free_null.py	edge-existence	auto
eval/targetscan_orphan_coupling.py	discovery	auto
eval/within_family_cn_iv.py	cn-causal	auto
eval/within_family_showdown.py	model	auto
evidence_scoring.py	shared	curated
family_normal_reference.py	progression	auto
gene_roles.py	shared	curated
gtex_mirna_matrix.py	shared	curated
hallmark_interaction.py	shared	curated
hallmark_sets.py	shared	curated
healthy_anchor.py	shared	curated
hybrid_pressure.py	shared	curated
learned/ago_loading.py	progression	auto
learned/analyses/attribution_identity.py	attribution	auto
learned/analyses/eb_shrink.py	model	curated
learned/analyses/enrichment.py	discovery	auto
learned/analyses/gene_atlas.py	decoy	auto
learned/analyses/genome_p0_spec_sweep.py	edge-existence	auto
learned/analyses/genome_seq_fdr.py	edge-existence	auto
learned/analyses/identity_payoff_genome.py	shared	fallback
learned/analyses/immune_completeness.py	shared	fallback
learned/analyses/lineage_verdict.py	subtype	auto
learned/analyses/parallel_view.py	progression	auto
learned/analyses/program_network.py	edge-existence	auto
learned/analyses/shrinkage_compare.py	model	auto
learned/attribution.py	attribution	auto
learned/attribution_eb.py	model	curated
learned/calibration.py	model	auto
learned/card.py	model	curated
learned/channel_cn.py	model	auto
learned/chimeric_evidence.py	shared	fallback
learned/confounders.py	model	curated
learned/cooperativity.py	shared	fallback
learned/coupling.py	edge-existence	auto
learned/cptac_data.py	protein	auto
learned/data.py	model	curated
learned/discovery.py	discovery	auto
learned/eval/bayes_parity.py	protein	auto
learned/eval/dossier.py	protein	auto
learned/eval/ood_protein.py	protein	auto
learned/eval/retrofit.py	discovery	auto
learned/eval/shuffled_null.py	edge-existence	auto
learned/evidence/calibrate.py	protein	auto
learned/evidence/direction.py	edge-existence	auto
learned/evidence/ledger.py	shared	fallback
learned/evidence/methods.py	edge-existence	auto
learned/families.py	model	curated
learned/gauge.py	model	curated
learned/genomic_context.py	protein	auto
learned/hierarchical.py	model	curated
learned/instrument.py	edge-existence	auto
learned/kd.py	model	auto
learned/methylation.py	shared	fallback
learned/mvp.py	model	curated
learned/occupancy.py	model	curated
learned/priors.py	model	curated
learned/programs.py	model	curated
learned/prolif_verdict.py	edge-existence	auto
learned/rarity_bench.py	model	auto
learned/readouts.py	model	curated
learned/regression.py	model	curated
learned/seed_rarity.py	decoy	auto
learned/seq_spec_bench.py	edge-existence	auto
learned/seq_specificity.py	decoy	auto
learned/spike_slab.py	model	curated
learned/state.py	model	auto
learned/states.py	progression	auto
learned/structural_identity.py	edge-existence	auto
learned/subtype.py	subtype	auto
learned/within_family.py	protein	auto
method_dev/landscape/cohort_overview.py	shared	fallback
method_dev/landscape/cross_state_top50.py	progression	auto
method_dev/landscape/gene_regulator_expression.py	shared	fallback
method_dev/landscape/he_edge_arm_landscape.py	shared	fallback
method_dev/landscape/pten_competition.py	shared	fallback
method_dev/site_ladder/discovery_site_evidence.py	discovery	auto
method_dev/site_ladder/no_seed_edges.py	shared	fallback
method_dev/site_ladder/site_filter_ladder.py	shared	fallback
method_dev/site_ladder/site_genomic_l5.py	shared	fallback
method_dev/site_ladder/site_interaction_schematic.py	edge-existence	auto
method_dev/site_ladder/utr_seed_scan.py	shared	fallback
method_dev/site_ladder/validate_ladder_experimental.py	shared	fallback
mirna_arm_resolve.py	shared	curated
mirna_locus_cnv.py	cn-causal	auto
mirna_state_class.py	progression	auto
pam50_gene_resolution.py	subtype	auto
presentation/make_figures.py	external	auto
pressure_build.py	shared	curated
pressure_engine.py	shared	curated
pressure_signature_curated_info.py	external	auto
robustness_checks.py	subtype	auto
run_all.py	shared	curated
seed_family_justification.py	edge-existence	auto
stats.py	shared	curated
stratum_characterization.py	subtype	auto
subtype_contrasts.py	subtype	auto
tcga_batch.py	shared	curated
visibility_archetype_contrasts.py	subtype	auto